Date,Open,High,Low,Close,Adj Close,Volume
2/5/2018,0.0612525431310253,0.0383043925772028,0.0413314024507024,0.0445162624965569,0.0445162624965569,0.1861503489420934
2/6/2018,0.0300591140660526,0.0356397791503289,0.0302730577793941,0.0695484943724371,0.0695484943724371,0.1982642056914524
2/7/2018,0.0712431354129289,0.0484079100093964,0.0727696186609986,0.0670146855705293,0.0670146855705293,0.1356900847121639
2/8/2018,0.0723338145220512,0.0376826423385232,0.0412654502940927,0.0354295474242341,0.0354295474242341,0.141320249375436
2/9/2018,0.043474486740481,0.0114358241456306,0.0107285860867384,0.0340534197640073,0.0340534197640073,0.2729019759246402
2/12/2018,0.0397443489177752,0.0188746282264478,0.039066971791153,0.0525764119563338,0.0525764119563338,0.1279581304113725
2/13/2018,0.0509783655553172,0.0238930809956307,0.0515982926624739,0.0532753416479019,0.0532753416479019,0.098877602782534
2/14/2018,0.0579150672384694,0.042701095107706,0.0639757046492397,0.0701600996275316,0.0701600996275316,0.170151470819923
2/15/2018,0.0787688474421713,0.0662832665655572,0.0800246372933127,0.1013302118870068,0.1013302118870068,0.1664759358936847
2/16/2018,0.0977466901171982,0.0695252415466113,0.0977443674315714,0.0975076653907144,0.0975076653907144,0.1241060036045519
2/20/2018,0.0955870996726134,0.0780743534047551,0.0997669302801415,0.0975731925749099,0.0975731925749099,0.1146981577311752
2/21/2018,0.1050324178407023,0.0799174430867116,0.1072418121520992,0.1030121760316211,0.1030121760316211,0.1424352020332304
2/22/2018,0.1089806718530087,0.0751654445544738,0.0950182760727113,0.0966776835150674,0.0966776835150674,0.1341319210599668
2/23/2018,0.1026983492776731,0.0784962613003176,0.1024051330638897,0.1136934281494075,0.1136934281494075,0.1066095570833254
2/26/2018,0.1196038754690689,0.0999245023753119,0.1226311616726772,0.131670342270835,0.131670342270835,0.1579735562315292
2/27/2018,0.1327356279479612,0.1037216134806733,0.1305016839345024,0.123915992162137,0.123915992162137,0.1432212090311165
2/28/2018,0.1290927968065823,0.1001465701483018,0.1309194014454965,0.1255979563067513,0.1255979563067513,0.1126985143775222
3/1/2018,0.1283293083420474,0.0990362978996872,0.1156399494683234,0.1234355089891144,0.1234355089891144,0.1867736144029723
3/2/2018,0.1106602936861167,0.1122041112244447,0.1143209151300436,0.1467202189558126,0.1467202189558126,0.2112402463283605
3/5/2018,0.1503610394344674,0.1471333005918488,0.145913040224895,0.1771914015237198,0.1771914015237198,0.308899018876287
3/6/2018,0.1875095677098149,0.1668517468299661,0.1874642707395849,0.1995150752463799,0.1995150752463799,0.3009298774417723
3/7/2018,0.1877713197892133,0.1622995884203009,0.1831772112771104,0.1906467739279183,0.1906467739279183,0.2768025789339737
3/8/2018,0.1925703340456501,0.1604787930050965,0.1822538876800102,0.1815600260909111,0.1815600260909111,0.1765243601574091
3/9/2018,0.1906724978618218,0.1793978076954994,0.1956646197388136,0.2131014998346573,0.2131014998346573,0.231234948571943
3/12/2018,0.2173505328658939,0.1850380107033619,0.1920810887866294,0.1909525426986251,0.1909525426986251,0.3328445316246626
3/13/2018,0.1962131651870289,0.1669627451877491,0.1803851677616404,0.1791136072548453,0.1791136072548453,0.2038285812227429
3/14/2018,0.1837576293930761,0.1626104979580804,0.1901024713248547,0.191498620769524,0.191498620769524,0.1615486761668481
3/15/2018,0.1946862536987056,0.1615446121734209,0.1910698084615837,0.1904938545935682,0.1904938545935682,0.0778891383874391
3/16/2018,0.1908688768167774,0.1631211787815532,0.1915754145476897,0.1847273051138723,0.1847273051138723,0.1071618395333819
3/19/2018,0.1786095890962873,0.1473331407144213,0.167326198858743,0.1738712708800894,0.1738712708800894,0.1520282962519239
3/20/2018,0.1730689872118268,0.1528845019574942,0.1793298738969658,0.1826521822327089,0.1826521822327089,0.08393135077207
3/21/2018,0.1798093753807698,0.1526624341845044,0.18308932050352,0.1804242077308765,0.1804242077308765,0.0713275381187424
3/22/2018,0.1726545226062855,0.1409379614596789,0.1636327725616323,0.1590616357816231,0.1590616357816231,0.1197933528738597
3/23/2018,0.1603080285469464,0.1303903750978404,0.1519807947249601,0.1464799751849891,0.1464799751849891,0.1451844952328848
3/26/2018,0.1645616356267173,0.1562819328177104,0.1555863324469588,0.1888774853468303,0.1888774853468303,0.187746601039122
3/27/2018,0.1932028799390601,0.1604343399248063,0.1445939399322602,0.1459338971140902,0.1459338971140902,0.1891368292754712
3/28/2018,0.1406322014133203,0.1069192042183168,0.1107593227948401,0.113343929446783,0.113343929446783,0.3086704882072981
3/29/2018,0.1157864985871408,0.0992583656726772,0.0982060303293608,0.1342696782569384,0.1342696782569384,0.3116586998336227
4/2/2018,0.1265624125479857,0.0937513908935594,0.096337310410991,0.1013739418189244,0.1013739418189244,0.2122876785612263
4/3/2018,0.1124054195251603,0.0901541199107707,0.1028448551462197,0.1087569260747268,0.1087569260747268,0.1999799170018161
4/4/2018,0.0866217501160013,0.0880668036422862,0.0879171663249525,0.1202682277818409,0.1202682277818409,0.2037731798484426
4/5/2018,0.1292018385411959,0.1077186357660313,0.1272479115668882,0.1312553163840151,0.1312553163840151,0.1646667347641892
4/6/2018,0.1203673639336039,0.1070302714129792,0.1196411957330232,0.1200716484135665,0.1200716484135665,0.1783370238727984
4/9/2018,0.1261915532932273,0.1085846125912386,0.1272699183367026,0.1224306772837902,0.1224306772837902,0.1507886905019537
4/10/2018,0.1390833890884859,0.1072523391859691,0.1329200234786072,0.1402110098526309,0.1402110098526309,0.1647584932903742
4/11/2018,0.1504264779996564,0.1354310555174406,0.1551906217057791,0.1524431717466404,0.1524431717466404,0.2377653855675957
4/12/2018,0.1653469594870169,0.1342985556184087,0.1660291053359226,0.1646316058930447,0.1646316058930447,0.1576411479857272
4/13/2018,0.1818598586499943,0.1484211853126187,0.1692828777035369,0.1698739422678006,0.1698739422678006,0.1887559448271563
4/16/2018,0.1790240515204701,0.1453346639901821,0.1599832894528383,0.1614206646518466,0.1614206646518466,0.3317832490482217
4/17/2018,0.2088432489028893,0.1953413016417933,0.2034471852726933,0.2231930138476202,0.2231930138476202,0.5665223345446613
4/18/2018,0.2233274325703019,0.1957854371877729,0.2195620700733761,0.2198291532720723,0.2198291532720723,0.1744641215506152
4/19/2018,0.215867224546995,0.1879913060175982,0.2100426207815124,0.2158537551551107,0.2158537551551107,0.1262943578894154
4/20/2018,0.2144275193975208,0.1906559860608072,0.2083498165175124,0.2050850453578014,0.2050850453578014,0.1387579358140453
4/23/2018,0.2077307343980022,0.1789092856855645,0.1887393596910694,0.1852515182188123,0.1852515182188123,0.1354563601643343
4/24/2018,0.1860698625603407,0.1545499103304162,0.1562678563859132,0.1597605654731911,0.1597605654731911,0.220726000384347
4/25/2018,0.1580393963677481,0.1317449427698621,0.1349645930969917,0.1570083778664186,0.1570083778664186,0.2384977224841283
4/26/2018,0.1659577376067671,0.1465115503531691,0.1634568569072626,0.1749634270218872,0.1749634270218872,0.1406277321966818
4/27/2018,0.1795912264707959,0.1483324123847085,0.1654794857101876,0.1701142515679926,0.1701142515679926,0.1026725969221074
4/30/2018,0.1682918061697963,0.1492872309747055,0.173437966898437,0.1716432286645762,0.1716432286645762,0.0856089736376023
5/1/2018,0.1667429938449619,0.1395168485101642,0.1658972010227032,0.1734780444298597,0.1734780444298597,0.0847052387193279
5/2/2018,0.1695569655787214,0.1475552084874113,0.1740535386807815,0.1736090966139386,0.1736090966139386,0.0788274991646511
5/3/2018,0.1716074466665877,0.1375405305994628,0.1637866814461875,0.1699613322336426,0.1699613322336426,0.0864226813226385
5/4/2018,0.1631437658730076,0.1561709322393829,0.1680517341388476,0.1883095423099726,0.1883095423099726,0.1223245031622065
5/7/2018,0.1921122008299378,0.1740240611451263,0.1937079408940197,0.20178677968013,0.20178677968013,0.1034239780610557
5/8/2018,0.2006413201887072,0.1703157895840101,0.2018642785520981,0.2031629073403567,0.2031629073403567,0.0621828487732923
5/9/2018,0.2069454781598074,0.1805303075945312,0.2116695410417365,0.2106113532509862,0.2106113532509862,0.0777246655574849
5/10/2018,0.2128569392990265,0.1807745364016035,0.2112957689175376,0.2090823739700904,0.2090823739700904,0.0719923546103465
5/11/2018,0.2088214135071245,0.1789981274503541,0.2058655248167981,0.2022236006349157,0.2022236006349157,0.0596551610708393
5/14/2018,0.2035861668714867,0.177310491427015,0.2106362539468762,0.2067451445364569,0.2067451445364569,0.0510004276293578
5/15/2018,0.2007285919683028,0.1694053574579682,0.200501232872668,0.201502808161701,0.201502808161701,0.0623629032397684
5/16/2018,0.2014702472184312,0.1755784689397208,0.2064591579821618,0.2060024849129713,0.2060024849129713,0.0437618918184289
5/17/2018,0.204196944991237,0.1771994908486875,0.2021281509344135,0.1995150752463799,0.1995150752463799,0.0656454346670637
5/18/2018,0.1984599619704626,0.1682506987453984,0.2013146589263632,0.1972433729969421,0.1972433729969421,0.0421344764483564
5/21/2018,0.2032807440005593,0.1803748539359136,0.2071406797226376,0.213931549423985,0.213931549423985,0.0954513740406473
5/22/2018,0.2184193765792516,0.1909224402977521,0.2196719676167809,0.2134946607555186,0.2134946607555186,0.0834552452116765
5/23/2018,0.2074908177143686,0.2095083866368378,0.2129446277947424,0.2421091647764957,0.2421091647764957,0.1541733682131152
5/24/2018,0.2408655700958544,0.2294932871119002,0.2415908004895687,0.2520914893870261,0.2520914893870261,0.2357086095466956
5/25/2018,0.2529939174265782,0.2302926498227352,0.258541052159406,0.2564601139542174,0.2564601139542174,0.1155361035174678
5/29/2018,0.2564841036639188,0.2341564438793484,0.2538802865270877,0.2530525911604327,0.2530525911604327,0.1484393259730299
5/30/2018,0.2583818744070005,0.2294932871119002,0.2594864484806757,0.2613748165923077,0.2613748165923077,0.0786266691828124
5/31/2018,0.2615012013895827,0.2328907179721162,0.2615749612873768,0.2571372442091952,0.2571372442091952,0.100028912592213
6/1/2018,0.2616757471301321,0.2427943264448577,0.2673130253557055,0.2753325371354876,0.2753325371354876,0.103328756948977
6/4/2018,0.2808716732743862,0.2494781875869626,0.273226939124049,0.2794390551502088,0.2794390551502088,0.1131919328673846
6/5/2018,0.2822677730730777,0.2646444776359592,0.2861979491005224,0.2881544393186327,0.2881544393186327,0.1248954731883317
6/6/2018,0.291996613275583,0.2643114092846419,0.2904189904520321,0.2917586070100605,0.2917586070100605,0.113716514630291
6/7/2018,0.2936544673350311,0.2621353178677027,0.2782614065292538,0.2785434783766854,0.2785434783766854,0.1235104388308232
6/8/2018,0.2707938092128871,0.2481236887518202,0.2748537912314392,0.2767305275773607,0.2767305275773607,0.0706661842130321
6/11/2018,0.2791266128760891,0.2554070702616429,0.2850987098490525,0.2786527333084864,0.2786527333084864,0.0569318372653881
6/12/2018,0.282878551192828,0.2560954346146948,0.2874950426233428,0.2838513419356371,0.2838513419356371,0.0544837890384918
6/13/2018,0.2914512737210218,0.2966647581530821,0.292133799287368,0.3190187828074011,0.3190187828074011,0.2956840598127087
6/14/2018,0.3279671884808546,0.3206022256126678,0.334212710810812,0.3472837881257538,0.3472837881257538,0.2329333469528378
6/15/2018,0.3420151397690664,0.3291068799494326,0.3435782512181204,0.3453397851423501,0.3453397851423501,0.2154438256033989
6/18/2018,0.3354929005100973,0.3164498185055719,0.3413577659453662,0.3418885346009601,0.3418885346009601,0.0983512897266807
6/19/2018,0.3393757159572144,0.343385034359684,0.3457547229512456,0.3737358448290939,0.3737358448290939,0.2692697233220741
6/20/2018,0.3953275411670395,0.3748723375660375,0.392142632554145,0.3994670413455388,0.3994670413455388,0.2657638551046307
6/21/2018,0.4089174268616439,0.3831771517802296,0.3850415228063862,0.3965837316566941,0.3965837316566941,0.2985770503269547
6/22/2018,0.4058635384442507,0.377159496177639,0.39225253009755,0.3870819601171792,0.3870819601171792,0.1607436249465463
6/25/2018,0.3725105516550665,0.344939373317399,0.3243195575475833,0.3289574430153825,0.3289574430153825,0.3695773740787357
6/26/2018,0.3476212478408207,0.3422525344606522,0.3469638597461204,0.3615255479010432,0.3615255479010432,0.2431981828349229
6/27/2018,0.3787710410159958,0.3573744358251491,0.3490524407056553,0.3418667373486821,0.3418667373486821,0.2665741002037732
6/28/2018,0.3513731861575597,0.3247546327197639,0.3426768662380011,0.3528538237665437,0.3528538237665437,0.1917562755041092
6/29/2018,0.3605130814547211,0.3345916292986777,0.3502615775005301,0.3441383740687515,0.3441383740687515,0.140381888598224
7/2/2018,0.3305412413496224,0.3280410630016526,0.3270676556762579,0.3588824819830223,0.3588824819830223,0.1211645368877931
7/3/2018,0.3611674627438959,0.3315939475204862,0.3479532014541854,0.3421506411534302,0.3421506411534302,0.0716114701620317
7/5/2018,0.3487555301193675,0.3299506979611021,0.3509430992410058,0.3593412356174476,0.3593412356174476,0.1264692184770508
7/6/2018,0.3567175399685577,0.3508460305622065,0.3611880178586191,0.3808785219690166,0.3808785219690166,0.1295976648320732
7/9/2018,0.3970726670060832,0.3740951336687403,0.3954403503085546,0.4042943518334746,0.4042943518334746,0.1728436313523302
7/10/2018,0.3998865711177378,0.3748057234516651,0.3997932959732838,0.3969987575435141,0.3969987575435141,0.1426394946009629
7/11/2018,0.3870165707182439,0.3755384742686722,0.3943411110570848,0.403595356612538,0.403595356612538,0.1483700742551545
7/12/2018,0.3953493765628042,0.3689212960778193,0.3881853316762405,0.3923461614578939,0.3923461614578939,0.2008178627881088
7/13/2018,0.3823266636371674,0.3538437789567329,0.3602206829203686,0.3536838078265031,0.3536838078265031,0.2523359470085854
7/16/2018,0.3600550158611137,0.3390993301869638,0.3528997780857998,0.3639064395529133,0.3639064395529133,0.3776988692925764
7/17/2018,0.2465589499472045,0.2983301665260039,0.2479224295704276,0.3180358815974041,0.3180358815974041,0.9914491441353316
7/18/2018,0.3213576752609316,0.2941777594189079,0.3102712469366209,0.3085341100578892,0.3085341100578892,0.3566861667962251
7/19/2018,0.2991514660500671,0.2777901299266343,0.2896935211262825,0.28472511927257,0.28472511927257,0.2724137513136185
7/20/2018,0.2857579593104185,0.2661322713161812,0.2834059055850524,0.2777789559715533,0.2777789559715533,0.241562111000116
7/23/2018,0.2731714809453408,0.2514766643112018,0.2690278363895201,0.2812957336971389,0.2812957336971389,0.1793827248127174
7/24/2018,0.2901642789163322,0.2592485700515038,0.2711383581645141,0.2696315126556747,0.2696315126556747,0.2026911217566391
7/25/2018,0.2697249633181712,0.2500999378256422,0.2735346909388044,0.2817544196178835,0.2817544196178835,0.1267964328440122
7/26/2018,0.2710773945066917,0.2551183905948251,0.2756892240549489,0.2822349705045867,0.2822349705045867,0.1012754435139706
7/27/2018,0.2899679654021231,0.2583603655758791,0.2647407769270455,0.2650225787882914,0.2650225787882914,0.1351360709691605
7/30/2018,0.2574220724282565,0.2251188122318141,0.2259815899278255,0.220790255045479,0.220790255045479,0.2963402198395784
7/31/2018,0.2128787746947911,0.2039570253937649,0.2127467735233918,0.2262292385021902,0.2262292385021902,0.2240535454282612
8/1/2018,0.2223894638059643,0.2081982742656506,0.2259815899278255,0.2282606336357481,0.2282606336357481,0.1150703857147556
8/2/2018,0.2253561458845084,0.2095083866368378,0.2274985444918109,0.2416286138897923,0.2416286138897923,0.1036577026088853
8/3/2018,0.2483040103455015,0.2158591105907457,0.2357868524174637,0.2385487248326732,0.2385487248326732,0.133385733799859
8/6/2018,0.2376589713336767,0.2250078116534867,0.2429538461689987,0.2556519271465362,0.2556519271465362,0.1221271357662616
8/7/2018,0.2602578773764223,0.2368432849566396,0.2589368288549407,0.2576395945324889,0.2576395945324889,0.1181936381909373
8/8/2018,0.2580328483666485,0.2256961760065388,0.2536604254859227,0.2484217923270906,0.2484217923270906,0.0735920692932689
8/9/2018,0.2487620759391089,0.2260292421373116,0.2519236758351274,0.252244338823383,0.252244338823383,0.0636475226063576
8/10/2018,0.2464716781676089,0.2186126323987443,0.2488458191218827,0.2446211107967569,0.2446211107967569,0.055131292600627
8/13/2018,0.2311585674704721,0.2143713835268585,0.2370839459402841,0.2346606533364975,0.2346606533364975,0.0994610485056345
8/14/2018,0.235957514104804,0.2037571852711922,0.2308842211726447,0.2263165629386636,0.2263165629386636,0.0806990268402345
8/15/2018,0.218375773409827,0.1884132139131608,0.1973574240028137,0.2020925484508368,0.2020925484508368,0.184218226013369
8/16/2018,0.2093667530616857,0.1787982851072369,0.1978190847021246,0.1934426892822962,0.1934426892822962,0.0960123129554382
8/17/2018,0.1856117969667333,0.1636985425562778,0.1796816370528717,0.1810794752042077,0.1810794752042077,0.160385247306541
8/20/2018,0.1760792724597955,0.179753103697234,0.1752187300888612,0.2049977209213278,0.2049977209213278,0.2154957643918054
8/21/2018,0.2117662601899042,0.2017364808965357,0.2164842133601314,0.2274742462646571,0.2274742462646571,0.2361345076116294
8/22/2018,0.2281046114309741,0.2121952254935846,0.2334344650299687,0.241497559521401,0.241497559521401,0.1348105878951459
8/23/2018,0.2490892665836963,0.2207887238156834,0.2339620778858893,0.2299862578142869,0.2299862578142869,0.1764603023183744
8/24/2018,0.2444866334635734,0.2409290779493633,0.2491096277483215,0.2729079810810683,0.2729079810810683,0.2351978781273643
8/27/2018,0.2906223466912978,0.2749922216546805,0.2830980856174633,0.2854895761483338,0.2854895761483338,0.2819116244202332
8/28/2018,0.290796892431847,0.2649997714171493,0.2839335184409729,0.2940302437301296,0.2940302437301296,0.1398642320071052
8/29/2018,0.290731453866658,0.264711089529787,0.289495666854932,0.293047344704445,0.293047344704445,0.1207524891664343
8/30/2018,0.2859324396102212,0.2801439026526082,0.2908807193041764,0.2994692271868409,0.2994692271868409,0.1703072871851427
8/31/2018,0.2982789358509187,0.2783452660509415,0.2986632848380561,0.2922609573333541,0.2922609573333541,0.1177175326305438
9/4/2018,0.289139038372399,0.2625350003333925,0.2858681905159524,0.2833489916123434,0.2833489916123434,0.1118622998841765
9/5/2018,0.2750256485189981,0.2503442332490494,0.2299608316211895,0.2343766818180687,0.2343766818180687,0.2068687316374741
9/6/2018,0.2476277936605621,0.2339343761063584,0.2435034657947337,0.2459098463068292,0.2459098463068292,0.2061312008421009
9/7/2018,0.2361974984105425,0.2333792399820512,0.2418766136873433,0.2507590239450362,0.2507590239450362,0.1378420818451427
9/10/2018,0.2581637254970268,0.2261624703660564,0.2458998007675025,0.2501692836559005,0.2501692836559005,0.0797814415783851
9/11/2018,0.2415854553909648,0.2342674444576759,0.2477025685292626,0.2665952880011049,0.2665952880011049,0.0875012768285483
9/12/2018,0.2730187706005562,0.2659768176575637,0.2748317844616248,0.2972193877190496,0.2972193877190496,0.1616473598648206
9/13/2018,0.3010056336237244,0.2741040171790558,0.298135669783657,0.2932875862909563,0.2932875862909563,0.1250357079170295
9/14/2018,0.2936762351086909,0.2674423836873684,0.2907048014513282,0.285445913930097,0.285445913930097,0.0625412264132977
9/17/2018,0.2842309823813487,0.2590931163928863,0.2601679702211513,0.2544068538547007,0.2544068538547007,0.1026293145984352
9/18/2018,0.2612176793551665,0.2609139784244257,0.264542922655695,0.2921954301491585,0.2921954301491585,0.160490856176301
9/19/2018,0.3054556218398092,0.281920309383313,0.2812733770402438,0.2906882481205406,0.2906882481205406,0.1858162094033445
9/20/2018,0.2974064056517701,0.2655993628422912,0.2900672910520028,0.2871933353609138,0.2871933353609138,0.0973696466257966
9/21/2018,0.2894007904517972,0.2699516100719599,0.2847249377248536,0.2780847902716287,0.2780847902716287,0.186747645008769
9/24/2018,0.2728442903007535,0.2731048143456482,0.2706326839255745,0.2964766625661954,0.2964766625661954,0.141593793661044
9/25/2018,0.297340967086581,0.2679975198116757,0.2929692321108776,0.2960835038296465,0.2960835038296465,0.0979184664899593
9/26/2018,0.3046702979795096,0.2916685330343165,0.3070175427218401,0.3145409688377774,0.3145409688377774,0.2191072414790089
9/27/2018,0.3183692254087276,0.2943332130775254,0.318273741664499,0.3207225420199812,0.3207225420199812,0.1070319925623655
9/28/2018,0.3169949588244424,0.2890038529911075,0.3132832196460894,0.3063497977742935,0.3063497977742935,0.1033737705655961
10/1/2018,0.3096001893663246,0.3007949376097608,0.3173723566843797,0.3222952512327947,0.3222952512327947,0.1252174936764525
10/2/2018,0.3282071727865929,0.3023271199744824,0.3135030147328993,0.3129245995910394,0.3129245995910394,0.1297552124902398
10/3/2018,0.3154462141217126,0.2892925348784699,0.315811456733599,0.3127279525090841,0.3127279525090841,0.0805847615057401
10/4/2018,0.3096656279315137,0.2781676513582417,0.2839774638277682,0.2834581810147757,0.2834581810147757,0.1372984558598206
10/5/2018,0.2745239121338615,0.2505884598355771,0.2457239510674879,0.2565911661382963,0.2565911661382963,0.2143167538949763
10/8/2018,0.2426979044551054,0.2271617420363435,0.234973358210935,0.2516764635002061,0.2516764635002061,0.1944501673294633
10/9/2018,0.2498964258397604,0.2399742593593663,0.2547157193505973,0.2661147349300893,0.2661147349300893,0.1317687061874678
10/10/2018,0.2608904232698326,0.2320468999604467,0.2070087776078967,0.2009785950567609,0.2009785950567609,0.2776838070439384
10/11/2018,0.1985472337500581,0.1855265327132969,0.1859473161755995,0.1905157195595271,0.1905157195595271,0.2586222716987273
10/12/2018,0.2304605153897679,0.2012923453505558,0.2147253909851666,0.2308381068402051,0.2308381068402051,0.2376511202331013
10/15/2018,0.226228676083657,0.1966514140129804,0.2103943861358969,0.2167929941468708,0.2167929941468708,0.1743585126808552
10/16/2018,0.2253779136581682,0.2160590195501978,0.2183748740939606,0.2457787941227504,0.2457787941227504,0.3291603402336899
10/17/2018,0.3150099163017652,0.2872274440398582,0.2754034108571742,0.2857517482301723,0.2857517482301723,0.5447842203035649
10/18/2018,0.2764871868828787,0.2477017786357132,0.252429284119712,0.2464559243777281,0.2464559243777281,0.2998079996121904
10/19/2018,0.2553934245547965,0.2334902405603786,0.2219804096174807,0.215788227970915,0.215788227970915,0.2696177132043982
10/22/2018,0.2163471255363671,0.1890793506157955,0.1959064193969595,0.2089513217860115,0.2089513217860115,0.2761966264025637
10/23/2018,0.1834086033527241,0.1908113731030898,0.1880578357521152,0.2168585213310664,0.2168585213310664,0.2382830421587145
10/24/2018,0.214558396527899,0.1828618526700879,0.1527942889314889,0.1484239803527051,0.1484239803527051,0.3098200667240302
10/25/2018,0.1596754150314315,0.1538615459773641,0.1627313875815129,0.1725388054380996,0.1725388054380996,0.2112679470155106
10/26/2018,0.1452566699292079,0.1406492795723166,0.1342610645867014,0.1440553557855137,0.1440553557855137,0.3198044331487198
10/29/2018,0.1556181214658698,0.1271040136528313,0.0971067910778908,0.111312534313225,0.111312534313225,0.3558638026464544
10/30/2018,0.0908535894221124,0.0885330980018039,0.0878951595551379,0.1134313215969374,0.1134313215969374,0.3902628622081256
10/31/2018,0.139279702602695,0.135120145979661,0.1403068804697856,0.1483147909502726,0.1483147909502726,0.3326904465523898
11/1/2018,0.1541565809206307,0.1505529568819377,0.1438684706065105,0.1823900756802389,0.1823900756802389,0.2419914716509436
11/2/2018,0.1834086033527241,0.1581694089636222,0.1695026727903468,0.164303972156379,0.164303972156379,0.2122669030458636
11/5/2018,0.1683572447349856,0.1485100270774083,0.1594116630572889,0.1781525032971264,0.1781525032971264,0.1582228624158808
11/6/2018,0.1763410245391937,0.1544832962160438,0.1628412851249179,0.1681046536867125,0.1681046536867125,0.1483094790020135
11/7/2018,0.1722836633515272,0.1730026306613015,0.1753726389734164,0.2044953050686657,0.2044953050686657,0.2109459265273899
11/8/2018,0.2052221855351702,0.1807523087511862,0.1877060703977308,0.1835696217878788,0.1835696217878788,0.1710500118593567
11/9/2018,0.1682918061697963,0.1384065762615496,0.1468144252050144,0.152006283078174,0.152006283078174,0.2135861482713905
11/12/2018,0.1441441554243209,0.1151130178541813,0.1305896428609265,0.1314737607182482,0.1314737607182482,0.169334300548993
11/13/2018,0.1332373643330978,0.1174667905801553,0.1272259729499073,0.1321945553757751,0.1321945553757751,0.1919692245365761
11/14/2018,0.1450166856234694,0.1136696772542493,0.1034823655455451,0.1154409172939051,0.1154409172939051,0.2719791967839502
11/15/2018,0.1125362966555386,0.0929298005323071,0.1119685277425486,0.122714648802219,0.122714648802219,0.1527537079966689
11/16/2018,0.1160919214580684,0.0911977780450129,0.1094182838852244,0.1143050312201897,0.1143050312201897,0.1377330103894889
11/19/2018,0.1087843583387996,0.0764755569256609,0.0833663004345176,0.0802079492379455,0.0802079492379455,0.2051547516200574
11/20/2018,0.0451759439693536,0.0570457925749059,0.0412654502940927,0.0723007496928904,0.0723007496928904,0.2692125906548269
11/21/2018,0.0883450405592803,0.0548252480776767,0.0665699598477141,0.0617068220115777,0.0617068220115777,0.1710344302228347
11/23/2018,0.0571297433781697,0.0329750991071199,0.0563030344602865,0.0544767527215006,0.0544767527215006,0.0710020550447279
11/26/2018,0.058089547538272,0.0346405074800417,0.0496196752006993,0.0601777772013134,0.0601777772013134,0.1965813889470795
11/27/2018,0.055231972635088,0.0409246195401218,0.0547641412793202,0.0715362272877583,0.0715362272877583,0.173224515800645
11/28/2018,0.083022522144047,0.0740551723058592,0.0705931447293947,0.1065288860435259,0.1065288860435259,0.2364478716350157
11/29/2018,0.1055777573952635,0.0884664838874315,0.097326652119056,0.1198532040793333,0.1198532040793333,0.2473584797862892
11/30/2018,0.1179678568053854,0.0891770758909008,0.1139471452043233,0.114130316817874,0.114130316817874,0.1855270834812146
12/3/2018,0.1292891103207915,0.1067415895256169,0.1172888083455282,0.1232388619071591,0.1232388619071591,0.2246075591712647
12/4/2018,0.1182514442805483,0.1001243424978846,0.0956118410852415,0.0905397048374196,0.0905397048374196,0.2018098936466743
12/6/2018,0.075060512294857,0.0723231498185651,0.0789474048116573,0.107031301896188,0.107031301896188,0.2065484424423003
12/7/2018,0.1059267834356155,0.0745214666653769,0.0706811036558189,0.0682816238283235,0.0682816238283235,0.196029106497023
12/10/2018,0.0660297219916975,0.04558777630757,0.0645912742331057,0.0782420812885831,0.0782420812885831,0.1464950839936773
12/11/2018,0.0876033220497636,0.0529599995821823,0.0693180579763887,0.0686747825648724,0.0686747825648724,0.1506086360354776
12/12/2018,0.0735990393717228,0.0691033336510488,0.077496400205803,0.0895568036274225,0.0895568036274225,0.1785430477334778
12/13/2018,0.0953690183847445,0.0636630396026383,0.0893022187741969,0.0920468846817251,0.0920468846817251,0.1252642385860184
12/14/2018,0.0826516628892887,0.0599991545054771,0.0742426278381888,0.0719949132085028,0.0719949132085028,0.1518568982501822
12/17/2018,0.0710904905088908,0.0495847963723834,0.0656245635264445,0.063170274108278,0.063170274108278,0.146998890241221
12/18/2018,0.0640882826384448,0.0557356802037187,0.0704832493844683,0.0809506066771188,0.0809506066771188,0.159384559983241
12/19/2018,0.0786161349160285,0.0671048569268095,0.0715384750963094,0.0718419960584652,0.0718419960584652,0.2189116053760108
12/20/2018,0.0670113615475644,0.0427454815716611,0.0453986008720119,0.0583210986543833,0.0583210986543833,0.2709283019651906
12/21/2018,0.0652444003127562,0.0307545546098907,0.0221166871441381,0.0273257335619081,0.0273257335619081,0.3506491482904348
12/24/2018,0.017625378766133,0.0,0.0053862657367668,0.0,0.0,0.1454909340844836
12/26/2018,0.0,0.0085491096375992,0.0,0.0432275248021724,0.0432275248021724,0.2295469379487295
12/27/2018,0.035316196097455,0.010969494257401,0.0195005263058604,0.0473777377998146,0.0473777377998146,0.1920211633249827
12/28/2018,0.0523962331276686,0.0250033532442452,0.0408257611889403,0.0484916933782029,0.0484916933782029,0.1705115797528752
12/31/2018,0.0572388527348881,0.043189617117641,0.06325023532349,0.0737860667555496,0.0737860667555496,0.2140726415894654
1/2/2019,0.0553192465960418,0.0424124132203438,0.0557314102632157,0.0737860667555496,0.0737860667555496,0.1824003684191391
1/3/2019,0.0791397066969299,0.0558245219685084,0.0729894797021636,0.0815185497139766,0.0815185497139766,0.2393616376646243
1/4/2019,0.1046179554165195,0.1046986597210876,0.1040100465542992,0.1391188537108331,0.1391188537108331,0.3148546666135737
1/7/2019,0.1487250207707839,0.1468890051684416,0.1548168517800588,0.1779340589628931,0.1779340589628931,0.3025624866906855
1/8/2019,0.1877277166197888,0.155304886577296,0.1687992102344117,0.1887027032308339,0.1887027032308339,0.2461067549856908
1/9/2019,0.1827759898372092,0.1614336115950935,0.1808688352307658,0.1880255707915438,0.1880255707915438,0.2112038891764759
1/10/2019,0.1759265599336524,0.165919087053507,0.178670356727826,0.1982918669205031,0.1982918669205031,0.213442450956799
1/11/2019,0.2116789862289504,0.2008260487704937,0.213889958161657,0.226535007272897,0.226535007272897,0.31780305850212
1/14/2019,0.2188338390034344,0.1883688274492057,0.2152310652241063,0.2163779682600508,0.2163779682600508,0.1619728429388351
1/15/2019,0.2523395361374033,0.2366434426135225,0.2545178650792468,0.2637775732101367,0.2637775732101367,0.3469026303533742
1/16/2019,0.2619374992095303,0.2402629412467285,0.2569581432403324,0.2566785582884507,0.2566785582884507,0.2465620850307218
1/17/2019,0.2521213872274296,0.2334680817468408,0.2532207715564264,0.2606102920028632,0.2606102920028632,0.3069097632803154
1/18/2019,0.2575093442078521,0.227272742614671,0.2319395150373192,0.2298333406642493,0.2298333406642493,0.4410815040780605
1/22/2019,0.2202517763792489,0.1914775764220594,0.1974233761594234,0.199384023062301,0.199384023062301,0.2908122014601725
1/23/2019,0.2057675250897314,0.1800861720485514,0.1920810887866294,0.1924597225429306,0.1924597225429306,0.2135740292207623
1/24/2019,0.1890801478083094,0.1801971726268789,0.1929604669969342,0.202682354269341,0.202682354269341,0.1729146143631525
1/25/2019,0.2067927656336646,0.1984056641506919,0.2138680195446762,0.2275397734488526,0.2275397734488526,0.1732833797608391
1/28/2019,0.2198373117737079,0.1901896228644101,0.2146814455983713,0.2223193020400556,0.2223193020400556,0.1299872057451225
1/29/2019,0.2223894638059643,0.1944530971661686,0.2130765321079618,0.2075533291598259,0.2075533291598259,0.1127279463576193
1/30/2019,0.2155836370718322,0.2023582311352153,0.2189024869498811,0.233240863458034,0.233240863458034,0.1400702558677846
1/31/2019,0.2307004342547599,0.2117067034836496,0.2349294128241397,0.2307070524718139,0.2307070524718139,0.1279685181690538
2/1/2019,0.2252470387091484,0.2135941796295614,0.2314338407983796,0.2314715748769461,0.2314715748769461,0.1503420169216572
2/4/2019,0.237070028609691,0.2250521981174418,0.2419865112307482,0.2565693011723375,0.2565693011723375,0.1369002584820369
2/5/2019,0.2601924388112333,0.2428165540952751,0.2674888750557201,0.2663331814486348,0.2663331814486348,0.1368171564205864
2/6/2019,0.2684815738642642,0.2362437623683773,0.2549355803917623,0.2584259797192676,0.2584259797192676,0.0964970749805662
2/7/2019,0.2486312009900888,0.2178354285014471,0.2369739824425242,0.2420872998105367,0.2420872998105367,0.116351542495451
2/8/2019,0.2270357677176164,0.2161700201285252,0.2347315585527892,0.2483344678906169,0.2483344678906169,0.1111039935734405
2/11/2019,0.2532120663365519,0.2269840607273088,0.2497031927608518,0.2443153420260501,0.2443153420260501,0.074634307647294
2/12/2019,0.2490456634142718,0.2428165540952751,0.2534625712145721,0.2754199271013297,0.2754199271013297,0.1607574752901214
2/13/2019,0.269135955153439,0.2419283496196504,0.2617288723704105,0.2575085401640977,0.2575085401640977,0.1630029622422321
2/14/2019,0.25702944321848,0.2438158257655622,0.2574418129079361,0.2734540591519672,0.2734540591519672,0.1411228819794911
2/15/2019,0.271688172626442,0.2525869365598163,0.2732049323542345,0.2686485459163094,0.2686485459163094,0.1399923476851747
2/19/2019,0.265863917826072,0.2539192765814209,0.2728092216130549,0.2796793622660886,0.2796793622660886,0.108250822796973
2/20/2019,0.2856052489656339,0.2577163876867823,0.2758431329395042,0.2752888749172508,0.2752888749172508,0.1206139857306835
2/21/2019,0.2750910870841871,0.2491451192356452,0.2696434081718646,0.2688669902505427,0.2688669902505427,0.0880172021267202
2/22/2019,0.2757673015877684,0.2564285029660123,0.2832079831608682,0.282082053354549,0.282082053354549,0.1029115153487776
2/25/2019,0.2903169914424751,0.268330588162993,0.2914303389299114,0.2840261240516335,0.2840261240516335,0.1112407657162445
2/26/2019,0.2815261200043074,0.2554736843760152,0.2816250764402732,0.2863414885193081,0.2863414885193081,0.0657995197393365
2/27/2019,0.2826604022828543,0.2606475241874807,0.2826583635351333,0.2817544196178835,0.2817544196178835,0.077664070304344
2/28/2019,0.2804136054994206,0.2570058667407369,0.2780635500594248,0.2713352740525672,0.2713352740525672,0.0873056407255502
3/1/2019,0.2799555399058131,0.2491895056996003,0.2714241691638103,0.2696315126556747,0.2696315126556747,0.0758739133972642
3/4/2019,0.2744148703992478,0.2478127792140406,0.2568043025086106,0.2559140358833185,0.2559140358833185,0.1098159116209576
3/5/2019,0.256396829702965,0.2343118975379658,0.2572659632079215,0.2630348480572825,0.2630348480572825,0.0829947212878049
3/6/2019,0.2610649690103819,0.2425500998583301,0.2648507404248056,0.2746335397302386,0.2746335397302386,0.0877401952552185
3/7/2019,0.2753746745593501,0.249167278049183,0.2622125398395358,0.259321556492791,0.259321556492791,0.0866910317294058
3/8/2019,0.2439412939090123,0.2204334944302836,0.2445587596594083,0.2527686196420039,0.2527686196420039,0.0996324465073761
3/11/2019,0.2575747827730411,0.2405516231340908,0.2611792527446757,0.2729953055175419,0.2729953055175419,0.0734639536151993
3/12/2019,0.2736513819347129,0.2431052359826373,0.2694674925174949,0.2673379454402783,0.2673379454402783,0.0696083642224849
3/13/2019,0.2658857532218367,0.2483235288743929,0.2672030618579455,0.2781284524898655,0.2781284524898655,0.091760257477887
3/14/2019,0.2761163276281204,0.251343436082457,0.2789209896527488,0.2729079810810683,0.2729079810810683,0.0714573850897588
3/15/2019,0.2772506099066673,0.2516987320841917,0.2806578074563778,0.2786745305607644,0.2786745305607644,0.1263930415873878
3/18/2019,0.2804136054994206,0.2671759294504234,0.2871872226557537,0.2829994929097189,0.2829994929097189,0.1047553423372108
3/19/2019,0.2889863280276143,0.2582715238110895,0.2760629280263141,0.2728205911152261,0.2728205911152261,0.1107577349840634
3/20/2019,0.2726479767865444,0.2781231982779516,0.2765246568784586,0.3087306894261638,0.3087306894261638,0.1692027222850297
3/21/2019,0.3055646635744228,0.285006899542629,0.3064239095564763,0.3145191038718186,0.3145191038718186,0.1281156780695391
3/22/2019,0.3098183382762984,0.2793000846409387,0.2831860445438874,0.2776916315350798,0.2776916315350798,0.130146484696236
3/25/2019,0.2728442903007535,0.2584492073406688,0.2774699850468946,0.2890937438397614,0.2890937438397614,0.1269003104208254
3/26/2019,0.2921929267897922,0.2614247280847779,0.2787450739983791,0.2754199271013297,0.2754199271013297,0.1129235824606174
3/27/2019,0.2772070067372427,0.2483013012239756,0.2619267266417612,0.2610034529237245,0.2610034529237245,0.1161420560488778
3/28/2019,0.263006342922888,0.2338011478776137,0.2593545441674563,0.2637119783122603,0.2637119783122603,0.0556956941013118
3/29/2019,0.2688305999046163,0.2389306012251241,0.2692696360476658,0.2679714156613315,0.2679714156613315,0.0616617295962797
4/1/2019,0.2728442903007535,0.2613136608901155,0.2798223746328682,0.2906882481205406,0.2906882481205406,0.1020095117234501
4/2/2019,0.2886591373830269,0.261513567629023,0.2879787100924681,0.2923483472991962,0.2923483472991962,0.0695062179386187
4/3/2019,0.2952250474335255,0.2725940646852961,0.2967066719476172,0.296782499050583,0.296782499050583,0.0731453957129724
4/4/2019,0.2969919410462289,0.2695740886403523,0.2883744208336476,0.2926978460018206,0.2926978460018206,0.0603061272188683
4/5/2019,0.2946578724831996,0.2645778635215868,0.2933430042350765,0.2874773068793426,0.2874773068793426,0.0478096547282476
4/8/2019,0.2861723562938548,0.2560065928499052,0.282944176732908,0.2785653433426444,0.2785653433426444,0.060764919849793
4/9/2019,0.2762036015890742,0.2577830018011545,0.2808996071145235,0.2857735454824504,0.2857735454824504,0.074362494654633
4/10/2019,0.2876557322348584,0.2624683862190201,0.2880446622490777,0.2840479868332799,0.2840479868332799,0.0588916608812627
4/11/2019,0.2859324396102212,0.2652884533045117,0.2848788488078875,0.2921954301491585,0.2921954301491585,0.0931937680379083
4/12/2019,0.2765307900523033,0.2467025069654261,0.259706241369007,0.2561324802175518,0.2561324802175518,0.2510755657432527
4/15/2019,0.2547608110392816,0.2255184924769595,0.2441190375770783,0.251174047647544,0.251174047647544,0.133280124930099
4/16/2019,0.2641188574277749,0.2527646178688512,0.2670931643145406,0.2743059059935731,0.2743059059935731,0.3046417695198951
4/17/2019,0.2860414813448347,0.2622685460964475,0.2624324008807008,0.2639959498306891,0.2639959498306891,0.2927633686113126
4/18/2019,0.2641188574277749,0.243726986221317,0.2647188383100647,0.2762499766906574,0.2762499766906574,0.1248123711268812
4/22/2019,0.2743712672298234,0.2820979906923478,0.2808996071145235,0.3133614205458251,0.3133614205458251,0.1876115601892649
4/23/2019,0.3087276591671761,0.2978860309800242,0.3154376846094002,0.3233000829381188,0.3233000829381188,0.1548780044424977
4/24/2019,0.3209868814469196,0.2914464652613265,0.3122718711682101,0.3065682421085268,0.3065682421085268,0.0934534619799412
4/25/2019,0.3066335072877804,0.2755918130798225,0.2956294394659619,0.2936807472118176,0.2936807472118176,0.0884950389800607
4/26/2019,0.29324000272949,0.2764356310914919,0.2968165694910222,0.3079225048027948,0.3079225048027948,0.0775255668685931
4/29/2019,0.304866613675077,0.2751920639977977,0.3031481985718812,0.3013258402044024,0.3013258402044024,0.0463588312387574
4/30/2019,0.2958794287227002,0.2750144493050979,0.3014553943078811,0.2985081254134342,0.2985081254134342,0.04719677702505
5/1/2019,0.3055646635744228,0.3005284833728158,0.3120520760814,0.3165723639713353,0.3165723639713353,0.1404649906596745
5/2/2019,0.3142900964474012,0.2949993497801603,0.3149980306799039,0.3171184420422342,0.3171184420422342,0.0736526645464099
5/3/2019,0.3219902887764465,0.2983967806403763,0.3232642636829087,0.3301587885596126,0.3301587885596126,0.0690145307417032
5/6/2019,0.3136138797624618,0.2902251924343846,0.318273741664499,0.3162665930163162,0.3162665930163162,0.0804895403936613
5/7/2019,0.3121087382291566,0.2870276039172856,0.2958712413225861,0.2983333411131255,0.2983333411131255,0.1009499604399561
5/8/2019,0.2923020339651523,0.2628014545703375,0.2860879834042837,0.285030888043277,0.285030888043277,0.0939745811569538
5/9/2019,0.2769888578272689,0.2521428676301716,0.2671591164711503,0.2814923130654133,0.2814923130654133,0.082039047581124
5/10/2019,0.2785594379257633,0.2544966403561455,0.2678406404101046,0.2777571587192753,0.2777571587192753,0.0781349819858968
5/13/2019,0.258207396288556,0.2300706508866248,0.2459438121086529,0.2432887130684479,0.2432887130684479,0.1191596996552995
5/14/2019,0.2503980946027924,0.220500108544656,0.2446247118160179,0.2440531677598991,0.2440531677598991,0.0728701201344175
5/15/2019,0.2386842118776098,0.235044648354973,0.2421844336549324,0.264542027901588,0.264542027901588,0.0899597128131259
5/16/2019,0.2671073072799791,0.2516987320841917,0.2697753102866055,0.2739782744412197,0.2739782744412197,0.091715243861268
5/17/2019,0.2671509780715083,0.2419727360836056,0.269445553900514,0.2633625473233166,0.2633625473233166,0.0620045255997631
5/20/2019,0.2558951609399331,0.2259848556733565,0.2510002862836722,0.2495139484688884,0.2495139484688884,0.0602057122279489
5/21/2019,0.2552843828201829,0.2348891946963556,0.2609593917035108,0.2629693208730869,0.2629693208730869,0.0499027879010323
5/22/2019,0.2706847674782735,0.2660434295513916,0.277162167277784,0.2748957139963895,0.2748957139963895,0.0880431715209235
5/23/2019,0.2652095365368973,0.2370875781595023,0.2560568264130467,0.2584696419375044,0.2584696419375044,0.0776727267690784
5/24/2019,0.2650132230226882,0.2415730536179157,0.269445553900514,0.2632314951392378,0.2632314951392378,0.0465198414828177
5/28/2019,0.2627882616350191,0.2454812341384841,0.2691377339329249,0.2646949472359381,0.2646949472359381,0.0618608282851716
5/29/2019,0.2610649690103819,0.2291602187605828,0.252099525535142,0.2518730428684805,0.2518730428684805,0.0781661452589408
5/30/2019,0.2544117871802878,0.2299595814714178,0.2573758607513263,0.2576833222800941,0.2576833222800941,0.0495842299988054
5/31/2019,0.24714789267119,0.2191455408726342,0.2455481013674731,0.2389637507194931,0.2389637507194931,0.0671637785814824
6/3/2019,0.2391641150483401,0.2154150438816453,0.2229696853711906,0.2244380871394556,0.2244380871394556,0.116093579846365
6/4/2019,0.2423052752453288,0.2286272414498132,0.2462735706932227,0.2610689801079201,0.2610689801079201,0.116820722884057
6/5/2019,0.2627664262392544,0.2381090108638717,0.2582772435329672,0.2661584648620068,0.2661584648620068,0.0671066459142352
6/6/2019,0.2637698313874229,0.2388417594603344,0.2657081118652959,0.2692164889531671,0.2692164889531671,0.0444249770170861
6/7/2019,0.2693323362897529,0.2542523449327383,0.27362264766675,0.2773857950506921,0.2773857950506921,0.0629030666391968
6/10/2019,0.2829875929274417,0.2585824333488691,0.2595524006372853,0.2580328209827187,0.2580328209827187,0.115413181718239
6/11/2019,0.2641188574277749,0.2374428075449021,0.2578155828336563,0.2564163840222999,0.2564163840222999,0.0736266951522066
6/12/2019,0.2571821535632645,0.2286272414498132,0.2462296253064275,0.2439439805417791,0.2439439805417791,0.059568596423495
6/13/2019,0.2471697280669547,0.2172802923771398,0.2374796566814638,0.2392913844561589,0.2392913844561589,0.0876951816385995
6/14/2019,0.2349541089566355,0.2059555021180041,0.2306863669012941,0.2312094683244759,0.2312094683244759,0.0670876016918194
6/17/2019,0.2372663421239002,0.2245414484570896,0.2436573768777675,0.2549965941438364,0.2549965941438364,0.0729601473676556
6/18/2019,0.2653622468816818,0.2461473708411188,0.2693575949740899,0.2691946239872083,0.2691946239872083,0.0741772463093162
6/19/2019,0.2787775868357371,0.2533419128066962,0.2745679780336647,0.283174209496347,0.283174209496347,0.0783098425735323
6/20/2019,0.2879174843142567,0.2652884533045117,0.2857802315895283,0.2868657016242482,0.2868657016242482,0.0823316360891477
6/21/2019,0.2859324396102212,0.2682418152350829,0.2940904781321619,0.2956029507586308,0.2956029507586308,0.1091476325434598
6/24/2019,0.2974281734254299,0.2761247215537125,0.3055225927291907,0.2996002815552321,0.2996002815552321,0.0638189206080993
6/25/2019,0.2984752493651278,0.2672425435647958,0.2793387071637428,0.2761407217588565,0.2761407217588565,0.0797502783053412
6/26/2019,0.2785158347563388,0.2578940712163615,0.2866156644130379,0.2802909675211832,0.2802909675211832,0.0437272659594912
6/27/2019,0.2820060209936795,0.2669094752134784,0.2901332432086125,0.2973722393397188,0.2973722393397188,0.051845298587438
6/28/2019,0.2974064056517701,0.2684416575782,0.2938046649343873,0.2914746354916315,0.2914746354916315,0.0597070998592458
7/1/2019,0.3044739844653005,0.2798108343012908,0.30947982765274,0.3073764267318958,0.3073764267318958,0.0666305403538416
7/2/2019,0.3075061051090337,0.2783452660509415,0.3057643945858149,0.3091893775312206,0.3091893775312206,0.0429533780122333
7/3/2019,0.3114325215442172,0.2916463053838992,0.3179219763101146,0.3229287192695357,0.3229287192695357,0.0459658277398143
7/5/2019,0.3149227099629161,0.2903361930127121,0.3173064067262485,0.320373045501669,0.320373045501669,0.0448093240512947
7/8/2019,0.3147045588715841,0.2833414911697072,0.31686668244544,0.3107839495256805,0.3107839495256805,0.0340960832959662
7/9/2019,0.3166023317960241,0.297797258052114,0.3215714594189086,0.3190187828074011,0.3190187828074011,0.1002210861093172
7/10/2019,0.3246951511534877,0.2968645982756547,0.2889899926159923,0.3213560122410345,0.3213560122410345,0.0819732584491424
7/11/2019,0.3210523200121089,0.297308736042179,0.3244294550909882,0.3180795438156409,0.3180795438156409,0.055268064743431
7/12/2019,0.3157734047663001,0.2866500802651336,0.311216645456369,0.3044275920431679,0.3044275920431679,0.0950981902794826
7/15/2019,0.3032524282257999,0.2731935872735584,0.2881545597924826,0.2899019284631304,0.2899019284631304,0.1177400394388533
7/16/2019,0.2970355442156533,0.2679975198116757,0.2939146284321473,0.2885694630211405,0.2885694630211405,0.0817031767494282
7/17/2019,0.2886591373830269,0.2572500933272645,0.2869454229976078,0.2808151806261232,0.2808151806261232,0.2163337101780981
7/18/2019,0.1959732485033953,0.175867150827083,0.1958184626690139,0.1994932102804211,0.1994932102804211,0.5218653642726925
7/19/2019,0.1951879246430957,0.1669849728381665,0.1824737487211752,0.177409845857953,0.177409845857953,0.2624380413536633
7/22/2019,0.1703204540432563,0.1418706212361381,0.1639625311462023,0.1676241028000094,0.1676241028000094,0.2869444930168299
7/23/2019,0.1690988978037557,0.1395612349741193,0.1643802464587177,0.1603721707282857,0.1603721707282857,0.1389726161394591
7/24/2019,0.1670702521116541,0.1539725465556916,0.1671283445873924,0.1836132840061156,0.1836132840061156,0.1872878084081973
7/25/2019,0.1852845387000411,0.1710707658308901,0.1870245486572549,0.2022236006349157,0.2022236006349157,0.1671476775570764
7/26/2019,0.2069454781598074,0.1895234861617754,0.211647534271922,0.2225814085925256,0.2225814085925256,0.1679960111010504
7/29/2019,0.2226294481117027,0.1904116906374,0.2144395777873919,0.2158537551551107,0.2158537551551107,0.0803112172201321
7/30/2019,0.2078398415733624,0.1754230152811032,0.2022600552476329,0.2010659194932346,0.2010659194932346,0.0845788543342053
7/31/2019,0.1990271369207884,0.1801305585125066,0.191927179902074,0.1946440348265263,0.1946440348265263,0.0885642906979361
8/1/2019,0.1970420922167529,0.1730470171252566,0.1923888406013848,0.1870208067999003,0.1870208067999003,0.0938222273776278
8/2/2019,0.1822960888478371,0.1526846618349217,0.1771313953940261,0.1855572891738316,0.1855572891738316,0.0889243996308883
8/5/2019,0.1680518218640579,0.1393836202814194,0.1614782394454879,0.161093030915181,0.161093030915181,0.1306866480956643
8/6/2019,0.1672228970156922,0.1359639639913306,0.1628412851249179,0.1664882844399746,0.1664882844399746,0.08717233116864
8/7/2019,0.1497284281003107,0.1206866067476715,0.1441762246197446,0.1537974366252206,0.1537974366252206,0.1415920623680971
8/8/2019,0.1682045343902007,0.1459119589280273,0.1657652989079623,0.1791572694730822,0.1791572694730822,0.0824424388377484
8/9/2019,0.1741159955294198,0.1465337780035863,0.1636767179484276,0.163932610672108,0.163932610672108,0.072802599709489
8/12/2019,0.1560543516637126,0.138206736138977,0.158312423805819,0.1680827909050661,0.1680827909050661,0.0932768700993589
8/13/2019,0.1654560012216305,0.1460674148071893,0.1691289688189816,0.1712500699280272,0.1712500699280272,0.0717690178201982
8/14/2019,0.1616168565660425,0.128258672365401,0.1468144252050144,0.1424826465727002,0.1424826465727002,0.1075444552746436
8/15/2019,0.1430534763151986,0.1109828383975025,0.1248076334058025,0.1351652550304618,0.1351652550304618,0.1469036691291423
8/16/2019,0.1416573743351488,0.1174667905801553,0.1429890264418506,0.1505427654521051,0.1505427654521051,0.0997536370136581
8/19/2019,0.1577776442883498,0.1356752821039684,0.1616321483300431,0.1649155774114734,0.1649155774114734,0.0657579687086112
8/20/2019,0.1541129777512063,0.1206866067476715,0.1460888899249097,0.1422205400202301,0.1422205400202301,0.1074423089907774
8/21/2019,0.1476561094353214,0.1159790635162681,0.1428351835116504,0.1396430690000856,0.1396430690000856,0.0786249378898655
8/22/2019,0.1411993087415414,0.1103166350785329,0.1361297845050711,0.1377208632689599,0.1377208632689599,0.0663119824516146
8/23/2019,0.1332373643330978,0.1073855674147139,0.1299081189219723,0.1257290084908302,0.1257290084908302,0.0896965562851993
8/26/2019,0.1337608684918942,0.1028112501915108,0.1347007866690314,0.1334614936335694,0.1334614936335694,0.0614903315945381
8/27/2019,0.1322339591849293,0.1024115011094861,0.1230488769851928,0.124833433901619,0.124833433901619,0.089428205878432
8/28/2019,0.1211744555675633,0.0936403903152318,0.1242580137800676,0.1264498031483572,0.1264498031483572,0.0486787637875842
8/29/2019,0.1332373643330978,0.1094284306029083,0.1401749761565662,0.1373932295322942,0.1373932295322942,0.0561717996617053
8/30/2019,0.1414828962167041,0.1072301115355518,0.1310733103300518,0.1307747654973117,0.1307747654973117,0.0571742182779521
9/3/2019,0.1241193022503428,0.0960385495051608,0.124939537719022,0.1210327523712855,0.1210327523712855,0.0439540653355332
9/4/2019,0.1250572710146805,0.0926633462953621,0.1215319224212074,0.1259037250774581,0.1259037250774581,0.0607424130414835
9/5/2019,0.1121218320499973,0.0961940031637784,0.113353580191793,0.1296826093555138,0.1296826093555138,0.1354355846489717
9/6/2019,0.1296381363611435,0.0948172766782189,0.1226751070594724,0.1229549559180988,0.1229549559180988,0.0696429900814227
9/9/2019,0.132822901908915,0.1130257015856969,0.1305236907043169,0.1320635010073839,0.1320635010073839,0.122726163125884
9/10/2019,0.1248609575004714,0.1032997722014457,0.1130677669940184,0.1181931049006776,0.1181931049006776,0.1934927623298355
9/11/2019,0.1129507590797215,0.0932628688836244,0.1173547583036593,0.1188047101557722,0.1188047101557722,0.1084118330410333
9/12/2019,0.1181860057153593,0.0934405501926592,0.121729776692558,0.1200934456658445,0.1200934456658445,0.0669473669631217
9/13/2019,0.1236611690346306,0.1020784327581687,0.1292925493381062,0.1316484773048762,0.1316484773048762,0.0941667546740581
9/16/2019,0.1315577424999898,0.1038770693598354,0.1287209229425567,0.1319543137892639,0.1319543137892639,0.0720806505506377
9/17/2019,0.1321466852239755,0.1076964081156139,0.1331398867182507,0.1413686931786244,0.1413686931786244,0.062899604053303
9/18/2019,0.1332155289373331,0.1008127068509365,0.1235984966109278,0.1259911172276125,0.1259911172276125,0.1154270320618141
9/19/2019,0.1257334876996199,0.0958387093825883,0.1146946191014087,0.1151569457754763,0.1151569457754763,0.1266838988024646
9/20/2019,0.1010841660097543,0.0707243555600155,0.0764411063411284,0.080535582974611,0.080535582974611,0.3928095941329945
9/23/2019,0.075104180905028,0.0504952284984253,0.0674053926712237,0.0699853830409036,0.0699853830409036,0.213548059826559
9/24/2019,0.0623432222401476,0.0318648268585053,0.0462779790823169,0.0452370877344558,0.0452370877344558,0.2630561129357015
9/25/2019,0.0475318152077742,0.0354177113773389,0.0493998141595343,0.067429709273037,0.067429709273037,0.1817822968371009
9/26/2019,0.0708941748133233,0.0386374609285202,0.06368995740582,0.0642842952160347,0.0642842952160347,0.1132265587263224
9/27/2019,0.0703706052137804,0.0372829598728334,0.0641076749168141,0.0637818793633726,0.0637818793633726,0.1070683497142501
9/30/2019,0.0656152595675146,0.0404805506104769,0.0693620033631839,0.0736986746053952,0.0736986746053952,0.0966615478105203
10/1/2019,0.0729228226867834,0.0478527738850892,0.0721101014918587,0.0779799092067444,0.0779799092067444,0.1299560424720786
10/2/2019,0.0647644971420259,0.0415242087447191,0.0680649076418851,0.0745942513789185,0.0745942513789185,0.1127954667825478
10/3/2019,0.073860791451121,0.0403917088456872,0.0566768065844853,0.0748563579313886,0.0748563579313886,0.1351620403633637
10/4/2019,0.0747769902604407,0.0551361576154563,0.0774743934359887,0.0849915996919568,0.0849915996919568,0.1514258063064077
10/7/2019,0.0830442899177069,0.0578007710423303,0.0880490706381716,0.0886393618879405,0.0886393618879405,0.0931712612295988
10/8/2019,0.0853129220969053,0.0552471581937837,0.0866420795719463,0.0804700557904155,0.0804700557904155,0.0888568792059598
10/9/2019,0.0787470120464068,0.0451880938418802,0.0732972974712741,0.0735020952371207,0.0735020952371207,0.0978249766708275
10/10/2019,0.0699125374388147,0.0663498806799295,0.0743085799947983,0.1017889655214321,0.1017889655214321,0.1673311946094463
10/11/2019,0.110987484330704,0.0826486684074137,0.1123642362852497,0.1071404912986204,0.1071404912986204,0.1323071382939493
10/14/2019,0.1090897135876224,0.0805613521389292,0.1116167623881642,0.1128197163418428,0.1128197163418428,0.0756436514353284
10/15/2019,0.1088497947226304,0.0782075794129553,0.1059007050896498,0.1100237988031527,0.1100237988031527,0.1132542594134725
10/16/2019,0.1073228177935606,0.0833148717263833,0.108846657489675,0.1144579505545396,0.1144579505545396,0.2602462244829061
10/17/2019,0.153938432010657,0.1290136486122809,0.1254671505749424,0.1299010536897471,0.1299010536897471,0.6425676459436671
10/18/2019,0.1209344712618248,0.0893769160134734,0.0926218751455874,0.0904741776532239,0.0904741776532239,0.3858342148499921
10/21/2019,0.0850075668480826,0.0650397660881978,0.0830365418499476,0.0964810364331121,0.0964810364331121,0.1983230696516465
10/22/2019,0.0812337931355789,0.0549807039568388,0.0760013842587984,0.0716672794718372,0.0716672794718372,0.1845281274508615
10/23/2019,0.0744715695708714,0.0516721126408677,0.077826158790373,0.0816714013346457,0.0816714013346457,0.1036957910537168
10/24/2019,0.0826516628892887,0.0518941137975228,0.0825968197676176,0.0821738171873078,0.0821738171873078,0.0637704444055865
10/25/2019,0.0801867171958812,0.0602211556621321,0.0856307310940671,0.0937943738262228,0.0937943738262228,0.0623923352198655
10/28/2019,0.0962633163575529,0.0779411251760102,0.1013938505403655,0.1048032596806748,0.1048032596806748,0.0883721171808318
10/29/2019,0.1045961200207549,0.0749656044319012,0.1018335066683403,0.1033834698022113,0.1033834698022113,0.0556125920398612
10/30/2019,0.1099840770011773,0.0951281173791189,0.1138152408911039,0.125750873456789,0.125750873456789,0.1419937223317746
10/31/2019,0.1245119314601194,0.0905982554567504,0.1177285304278581,0.1169262343565642,0.1169262343565642,0.0683168196841083
11/1/2019,0.1194948337344553,0.0854243490289501,0.1138591862778992,0.115615633880533,0.115615633880533,0.0770477300152527
11/4/2019,0.1179678568053854,0.0993472074374668,0.1229609202572472,0.1288306948002272,0.1288306948002272,0.0765612366971778
11/5/2019,0.12230873784611,0.0900208916820258,0.1210922003388774,0.1182804970508321,0.1182804970508321,0.0505260533619112
11/6/2019,0.1183823192295684,0.0886219397665936,0.1200589110455387,0.1195037053767088,0.1195037053767088,0.0397210540803977
11/7/2019,0.1238575501709445,0.10556470316263,0.1254011984183328,0.1216443554420676,0.1216443554420676,0.0828337110437445
11/8/2019,0.1195602722996445,0.0962383896277335,0.1237304009241472,0.1260129800092589,0.1260129800092589,0.0582580076627025
11/11/2019,0.1204982410639822,0.1015010689834441,0.1259068726572725,0.1317140044890719,0.1317140044890719,0.0484813963916392
11/12/2019,0.1339354142324436,0.0992583656726772,0.1263465947396025,0.126974083966978,0.126974083966978,0.0801380879254436
11/13/2019,0.1245773700253084,0.0949505049069636,0.1097261038528135,0.1075336500351694,0.1075336500351694,0.138761398399939
11/14/2019,0.1076064052687235,0.088777393425211,0.1142989083602292,0.1217535448445001,0.1217535448445001,0.0932301251897929
11/15/2019,0.1236175658652061,0.1003020238069193,0.123862303038888,0.1335706830360018,0.1335706830360018,0.0898506413574721
11/18/2019,0.1354187225513424,0.1206643790972542,0.1364155977028458,0.1500404151288115,0.1500404151288115,0.1293725967489781
11/19/2019,0.152891423693064,0.1221744004278935,0.1479356030734651,0.1501059423130071,0.1501059423130071,0.0826519252843215
11/20/2019,0.1463473490383302,0.1279033763636663,0.1533878539440191,0.1556977773903874,0.1556977773903874,0.0686942415465293
11/21/2019,0.1572323047337886,0.1377625983724527,0.1605549158483877,0.1699613322336426,0.1699613322336426,0.109840149722214
11/22/2019,0.1639945282984962,0.1348980782066711,0.1608846744329576,0.1673183340293024,0.1673183340293024,0.083553928909649
11/25/2019,0.163405520133764,0.1445130736289298,0.1627313875815129,0.1783927470679499,0.1783927470679499,0.1165142840324582
11/26/2019,0.1768645286979902,0.1462228684658068,0.1768895935374018,0.1717087558487717,0.1717087558487717,0.0723161063914141
11/27/2019,0.1745304601349609,0.1469334582487316,0.179219976353561,0.1792227966572778,0.1792227966572778,0.0511233494285867
11/29/2019,0.1785659859268628,0.1464893227027518,0.1805170698763814,0.1764487440845464,0.1764487440845464,0.0219476006876695
12/2/2019,0.1755339329052343,0.1415375528848208,0.1594336698271033,0.1662479751397826,0.1662479751397826,0.0878596544685536
12/3/2019,0.1489867728501822,0.1259270584529649,0.1553225260189985,0.1578820896739832,0.1578820896739832,0.0666340029397354
12/4/2019,0.1625329899346156,0.1283030588293561,0.1583783759624287,0.1538629616251039,0.1538629616251039,0.0409987482751994
12/5/2019,0.1556398892395296,0.1239730370295602,0.1485731816256241,0.150673817636184,0.150673817636184,0.0601018346511358
12/6/2019,0.1543965652263693,0.1270151718880416,0.1569054327395936,0.1604814256600866,0.1604814256600866,0.0573715856738971
12/9/2019,0.1601771514165682,0.1350979183292437,0.1565536673852093,0.1498874979787738,0.1498874979787738,0.0797156524464035
12/10/2019,0.1356804746307407,0.1072301115355518,0.1336454928043567,0.129398637837085,0.129398637837085,0.161565989096317
12/11/2019,0.1321248498282108,0.1083181583542937,0.1384382265057709,0.1420894878361513,0.1420894878361513,0.0769698218326428
12/12/2019,0.1346989026969784,0.1077408611959039,0.1403288872396001,0.1410191944759999,0.1410191944759999,0.06271781829388
12/13/2019,0.140872118096954,0.1135808377100042,0.145143559557995,0.1411502488443911,0.1411502488443911,0.0473629811479511
12/16/2019,0.1459983229979782,0.1222631733558038,0.1481774708844444,0.1536226523249119,0.1536226523249119,0.0608532157900841
12/17/2019,0.1601989191902281,0.1468890051684416,0.1656993467513526,0.1782398954472808,0.1782398954472808,0.160717655552343
12/18/2019,0.1796130618665606,0.1658968594030897,0.1854856532778102,0.1898603865568272,0.1898603865568272,0.1742269344168918
12/19/2019,0.1975874317713141,0.1824843312384805,0.2043485702528126,0.2148052612315497,0.2148052612315497,0.1502467958095785
12/20/2019,0.2204916930628826,0.1939645751562336,0.2184628308219062,0.2250278274285914,0.2250278274285914,0.1518499730783946
12/23/2019,0.22651226355882,0.1938535745779062,0.2193861544190063,0.2167274669626753,0.2167274669626753,0.0800082409544271
12/24/2019,0.2183321702404026,0.1888573494591406,0.2206613093248459,0.2169459112969085,0.2169459112969085,0.0151540071640902
12/26/2019,0.219619162863734,0.1905449166456003,0.2215626943049653,0.215700838005073,0.215700838005073,0.0423456941878764
12/27/2019,0.2160417026654396,0.1846827147016272,0.2083718232873269,0.2079683528623337,0.2079683528623337,0.0673836527857369
12/30/2019,0.2075780240532176,0.1744015825767337,0.2014465610411041,0.1953430322317753,0.1953430322317753,0.0548387040926033
12/31/2019,0.1921340362257025,0.1649198819995547,0.1975552782741643,0.1959109730843207,0.1959109730843207,0.0444821096843333
1/2/2020,0.2010776180086548,0.1761558327144453,0.2056676705454474,0.2095410620751472,0.2095410620751472,0.0578563476990251
1/3/2020,0.2025609263275536,0.1758893096406208,0.2073165294226522,0.201000392309039,0.201000392309039,0.0461025998826183
1/6/2020,0.1945771465233454,0.1903228488726104,0.1977971460851437,0.222690597994958,0.222690597994958,0.07823885956271
1/7/2020,0.2236982918250605,0.1910778939563697,0.2178032476984112,0.2115943199903517,0.2115943199903517,0.0616201785655545
1/8/2020,0.2128351039032617,0.2044011609397447,0.2194521065756159,0.2301828393668737,0.2301828393668737,0.1031937160991199
1/9/2020,0.2357612005905949,0.2059999551982941,0.2272786834506459,0.2223193020400556,0.2223193020400556,0.0617257874353145
1/10/2020,0.2251379969745347,0.1950748474048482,0.2111418600329824,0.2078809628964916,0.2078809628964916,0.0618816038005342
1/13/2020,0.2135113205882012,0.2002931402966037,0.2204634550534954,0.229440179743388,0.229440179743388,0.0890923350467362
1/14/2020,0.2409964472262327,0.2103522046485073,0.2292793076822351,0.2289377638907259,0.2289377638907259,0.1048367131057144
1/15/2020,0.2285190760365153,0.2054448190739868,0.2316537018395446,0.2297678134800537,0.2297678134800537,0.0694940988879905
1/16/2020,0.2390332379179618,0.2063107981197388,0.2300048429623398,0.2287848467406883,0.2287848467406883,0.0670356629034129
1/17/2020,0.2335798423723503,0.2018919345551532,0.233368512873359,0.2310784139560847,0.2310784139560847,0.0852228953104468
1/21/2020,0.2313984841541057,0.2006262086479211,0.2228377810579712,0.2276708256329316,0.2276708256329316,0.2286397404445614
1/22/2020,0.2151473392518846,0.1901896228644101,0.203073481301328,0.2012188366432722,0.2012188366432722,0.3564039660458827
1/23/2020,0.2009467430596347,0.2203446548860385,0.2061733447843872,0.2527686196420039,0.2527686196420039,0.2952945188996594
1/24/2020,0.2498527550482312,0.2424834857439577,0.2520555801483467,0.26054476700298,0.26054476700298,0.2907827694800754
1/27/2020,0.2443775917289599,0.2248301303444519,0.2413709394484037,0.2380900389119287,0.2380900389119287,0.1136680384277782
1/28/2020,0.244224881384175,0.2259404025930664,0.2452402835983625,0.2504095252424118,0.2504095252424118,0.0982958883523804
1/29/2020,0.2510307081183073,0.219278769101379,0.235940695347664,0.2387016441670232,0.2387016441670232,0.1125253850828337
1/30/2020,0.2337979912823241,0.216614155674505,0.2374796566814638,0.2487057638455193,0.2487057638455193,0.072439028190643
1/31/2020,0.2475187541073067,0.2148155212933828,0.2412830486748131,0.2429173493998645,0.2429173493998645,0.0707406298097482
2/3/2020,0.2471914958406145,0.2419949637340227,0.2529349583586516,0.2711168297183339,0.2711168297183339,0.095681636002583
2/4/2020,0.2772070067372427,0.2640671804775695,0.2745240326468694,0.2951661298038451,0.2951661298038451,0.1041805530788448
2/5/2020,0.3080296092678303,0.2766798576780197,0.2881545597924826,0.2966077824639551,0.2966077824639551,0.0916373356786581
2/6/2020,0.2959667005022958,0.2684638163917379,0.2886162886446271,0.2906664508682626,0.2906664508682626,0.0480676173773335
2/7/2020,0.2860197135711749,0.2690189525160451,0.2909466692623076,0.2902732244180329,0.2902732244180329,0.0561146669944581
2/10/2020,0.2859324396102212,0.2756805860077326,0.2886382272616079,0.2996658065551153,0.2996658065551153,0.0718503885887019
2/11/2020,0.3050193240198616,0.2830305816319276,0.304467298864516,0.3053886938165746,0.3053886938165746,0.0628268897495338
2/12/2020,0.3125013674389332,0.2886041705254178,0.3180099352365387,0.3191935649233977,0.3191935649233977,0.0602628448951961
2/13/2020,0.3120214642682029,0.2991517568872563,0.3193949876857833,0.322229724048599,0.322229724048599,0.0578494225272375
2/14/2020,0.3218594116460683,0.2986632348773214,0.3258145075402329,0.3200454117650033,0.3200454117650033,0.044880307062117
2/18/2020,0.3171258359548206,0.3084114585283248,0.3252868924858337,0.3361656473395008,0.3361656473395008,0.0697693744665453
2/19/2020,0.3363654307092457,0.3159835219255098,0.3378401871497916,0.3326925973615205,0.3326925973615205,0.0649650365389376
2/20/2020,0.3329625184328587,0.308766752309515,0.3197686916571486,0.3322775736590129,0.3322775736590129,0.0508203731628817
2/21/2020,0.3302794238294775,0.303481845303387,0.3224508376292134,0.3193246171074764,0.3193246171074764,0.0482355527931814
2/24/2020,0.2854089354514247,0.2712839500935643,0.285296564120403,0.294488997364555,0.294488997364555,0.1002834126554051
2/25/2020,0.3012019471379336,0.2775680621536444,0.2780855568292393,0.2756820336537997,0.2756820336537997,0.0924025671611816
2/26/2020,0.2887900145134052,0.2916685330343165,0.2940904781321619,0.3175116007787831,0.3175116007787831,0.1348694518553401
2/27/2020,0.3000239940678575,0.3128969339867382,0.3064019709394955,0.3010637314676201,0.3010637314676201,0.1700770252232069
2/28/2020,0.2842091469855839,0.2800550608878186,0.2760629280263141,0.2952097920220818,0.2952097920220818,0.1735551927535002
3/2/2020,0.3036232220398117,0.2902473512479224,0.2929912388806921,0.3214652016434668,0.3214652016434668,0.1013481578177398
3/3/2020,0.3208996096673242,0.317249181216407,0.2993668133483462,0.2946418489852243,0.2946418489852243,0.1250097385228262
3/4/2020,0.3137883600622646,0.2961318496791921,0.3062041166681449,0.3274502631710769,0.3274502631710769,0.075195246562085
3/5/2020,0.3208341711021351,0.3125416379850035,0.3020929728600401,0.3034009630855656,0.3034009630855656,0.131630202751717
3/6/2020,0.2918221329757803,0.2679309079178479,0.2761728915240742,0.2950787376536908,0.2950787376536908,0.1212459076562968
3/9/2020,0.2398184941561566,0.2371985787378299,0.2429099007822035,0.2459753734910248,0.2459753734910248,0.1084049078692458
3/10/2020,0.2672381844103573,0.2528978460975959,0.2563865849976166,0.2845066749383368,0.2845066749383368,0.1118484495406014
3/11/2020,0.2726698100009507,0.2494338011230074,0.2496592473740565,0.2534676148629404,0.2534676148629404,0.0846948509616466
3/12/2020,0.2019501482078033,0.1889017359230957,0.1672822534719477,0.1777374795946187,0.1777374795946187,0.1891887680638778
3/13/2020,0.2106974164765465,0.19045614371769,0.1674361645549815,0.2237172269525602,0.2237172269525602,0.1439431581899678
3/16/2020,0.1586065713180737,0.1858596010646143,0.1396473633006457,0.1418929062835645,0.1418929062835645,0.1630168125858072
3/17/2020,0.1576467671579715,0.1604343399248063,0.129754210037417,0.1875668848707993,0.1875668848707993,0.1535639530958115
3/18/2020,0.1493794020599587,0.179708650616944,0.1511893754410793,0.1782180304813221,0.1782180304813221,0.1982261172466209
3/19/2020,0.1972165725165557,0.2173025200275571,0.1881677992498751,0.2143902375290418,0.2143902375290418,0.16398806792901
3/20/2020,0.2364374172755343,0.2216991537211807,0.2215406875351507,0.2161376611441711,0.2161376611441711,0.1681050825567041
3/23/2020,0.248609433216429,0.2563840476651777,0.2410631876336481,0.276075194574661,0.276075194574661,0.2130425222860684
3/24/2020,0.2968173953056796,0.2715281789006366,0.2677746882534948,0.2696315126556747,0.2696315126556747,0.1816940008968097
3/25/2020,0.2772506099066673,0.2472576430897334,0.2373038069814491,0.2370197477360897,0.2370197477360897,0.1319799239269879
3/26/2020,0.2401239170270842,0.251343436082457,0.2429319075520178,0.2820165261703534,0.2820165261703534,0.1053595635756739
3/27/2020,0.2730406038149626,0.2618244105504677,0.2677087360968851,0.2691946239872083,0.2691946239872083,0.1178110224496756
3/30/2020,0.2815697231737319,0.28234221949942,0.2856703340461233,0.2994254972549233,0.2994254972549233,0.1294660865681099
3/31/2020,0.2923238039201704,0.2939113051819629,0.2972562915733522,0.3093422946812583,0.3093422946812583,0.1423555625576737
4/1/2020,0.3100364217455256,0.2877381937002103,0.2853405095071983,0.284397420006536,0.284397420006536,0.0957145305685739
4/2/2020,0.2839255616917794,0.2672203159143784,0.2832299899306827,0.29750329370811,0.29750329370811,0.0597036372733521
4/3/2020,0.2913203965906437,0.2670204757918059,0.2776238961299284,0.2793298657477765,0.2793298657477765,0.0643486962498463
4/6/2020,0.2864123405995933,0.2878714219289551,0.2868574640711837,0.3190843078072845,0.3190843078072845,0.1218812921678038
4/7/2020,0.3186528128838904,0.2901807393540946,0.3036318660410063,0.3023088069437678,0.3023088069437678,0.1021878348969794
4/8/2020,0.3055864989701874,0.2836524007074867,0.3013674375799354,0.2997749959575477,0.2997749959575477,0.0998073070950116
4/9/2020,0.2991514660500671,0.2696851558350148,0.2897594732828922,0.2989012841499833,0.2989012841499833,0.1136992017008222
4/13/2020,0.2996968056046283,0.3327708338834731,0.3000263964718414,0.3556934035234709,0.3556934035234709,0.1826323616740217
4/14/2020,0.3568265817031714,0.3712084524688763,0.359715074635784,0.3924553508603263,0.3924553508603263,0.1806950448664567
4/15/2020,0.3906376340859629,0.4093130049235066,0.3979685873960643,0.4212882992155367,0.4212882992155367,0.2149781078006866
4/16/2020,0.4429902313238337,0.4415996730612397,0.4405310982357999,0.4484174861738547,0.4484174861738547,0.259429054211976
4/17/2020,0.4299020820143661,0.4026957578957743,0.4033548861100087,0.4130097360018985,0.4130097360018985,0.198619120745564
4/20/2020,0.4389983741421029,0.4304303364607214,0.4382227243879338,0.4447477912982314,0.4447477912982314,0.1993029814595838
4/21/2020,0.4599393606846541,0.4360039253542116,0.4273182886011808,0.4367532017873344,0.4367532017873344,0.3814661627449996
4/22/2020,0.4271317810721358,0.4049163023930034,0.3996174462732691,0.4096459431400313,0.4096459431400313,0.3452336639525764
4/23/2020,0.4042929583457565,0.4169294570051912,0.4133799436864569,0.4211791098131043,0.4211791098131043,0.2217491945159564
4/24/2020,0.4168139327048984,0.3919705568412359,0.405949075354128,0.4174438877532854,0.4174438877532854,0.1301049336655107
4/27/2020,0.4168139327048984,0.3960341244040868,0.4168535089424026,0.4095585531741893,0.4095585531741893,0.0888759234283755
4/28/2020,0.4058853062179106,0.3782697684262536,0.3774348069725213,0.371223833279464,0.371223833279464,0.1550753718384426
4/29/2020,0.3612547367048496,0.3668561364023283,0.3569669765071094,0.3888294514459892,0.3888294514459892,0.1480099653222022
4/30/2020,0.3847697761161684,0.3859084459378108,0.3886250537585705,0.4062165575646002,0.4062165575646002,0.1179010496829137
5/1/2020,0.3952184994324259,0.3937469657924853,0.3968254027577992,0.3962123701724231,0.3962123701724231,0.1238895919861912
5/4/2020,0.4010645241878139,0.3950126939202618,0.4037285900813739,0.4243463233066968,0.4243463233066968,0.1152192769081878
5/5/2020,0.4223982053808881,0.4004752133985452,0.4184364178614762,0.4167667574983077,0.4167667574983077,0.0890282772077014
5/6/2020,0.4261937468670516,0.4199493642132553,0.4290551064048097,0.4376925063084631,0.4376925063084631,0.0955102380008414
5/7/2020,0.4427503146402002,0.4179731151394333,0.4384425854290988,0.44265087116479,0.44265087116479,0.0778718254579702
5/8/2020,0.4367515795400275,0.4249012028680659,0.4449940755511228,0.4405102210994311,0.4405102210994311,0.0676121834547258
5/11/2020,0.4415286929599531,0.4313186097732255,0.4492151169026325,0.451366255333214,0.451366255333214,0.0751727397537755
5/12/2020,0.4538970224150569,0.4297198132941315,0.4399814786100651,0.4323627777835527,0.4323627777835527,0.0598023209713245
5/13/2020,0.4401326564206498,0.4360039253542116,0.4309897103269555,0.4464515526951238,0.4464515526951238,0.1016372837398697
5/14/2020,0.460222948159817,0.447950465852027,0.443191305590884,0.4544898721379384,0.4544898721379384,0.1361402208783541
5/15/2020,0.4510612829076376,0.4537682813320449,0.453502176365107,0.4812258326460266,0.4812258326460266,0.1056088697600254
5/18/2020,0.4738782724196105,0.456788188540109,0.466341282028361,0.4777090571047533,0.4777090571047533,0.114776065913785
5/19/2020,0.4787644930148962,0.4625838452065891,0.4819944379768994,0.4743452642428862,0.4743452642428862,0.0634778558975628
5/20/2020,0.4806186605885535,0.4555669179337114,0.4677702798644008,0.4669841405844178,0.4669841405844178,0.0772727980983478
5/21/2020,0.4682067279640252,0.4403561725838802,0.4375412004489795,0.4420392659096956,0.4420392659096956,0.1380411805340346
5/22/2020,0.4429902313238337,0.418439409498951,0.4307918560556051,0.4269019970745635,0.4269019970745635,0.0740699061466093
5/26/2020,0.4228562709744956,0.3949238521554722,0.3999252662408582,0.3951202140306253,0.3951202140306253,0.116638937124634
5/27/2020,0.384922486460953,0.3760936103929796,0.366332448761584,0.4063039497147546,0.4063039497147546,0.1610500637981451
5/28/2020,0.3998865711177378,0.3813119032847351,0.3963197285188595,0.3922151070895028,0.3922151070895028,0.0781003561269591
5/29/2020,0.4003664721071099,0.3767153606316592,0.3970892091857595,0.4059544510121301,0.4059544510121301,0.0711717217535227
6/1/2020,0.4033549241406723,0.3909712851709489,0.406168936395293,0.4194753484162119,0.4194753484162119,0.0450084227401866
6/2/2020,0.4187117034479801,0.3929031477808157,0.4138195976159533,0.4225115097257257,0.4225115097257257,0.0406992345953881
6/3/2020,0.421067607406774,0.3918151031826185,0.4107197363313727,0.4108472886842617,0.4108472886842617,0.0549166122752132
6/4/2020,0.4111206204756532,0.3953901465149899,0.3930879629210595,0.3941591122572188,0.3941591122572188,0.0738656135788768
6/5/2020,0.3781820982920101,0.3765821324029144,0.3803807593725464,0.4056704794937013,0.4056704794937013,0.0684830238070093
6/8/2020,0.3971817087406968,0.3778256328802737,0.3853273360041609,0.4054301701935091,0.4054301701935091,0.0815006154746426
6/9/2020,0.4095063695856296,0.4087578687991993,0.4156883197328016,0.4372337526740376,0.4372337526740376,0.0978699902874465
6/10/2020,0.4408088731055891,0.4197717495205555,0.4382007176181194,0.4381730571951664,0.4381730571951664,0.064973693003672
6/11/2020,0.4237943051795798,0.4328285622669854,0.4241524751599905,0.4186889632294333,0.4186889632294333,0.1093986700207582
6/12/2020,0.4255393655778768,0.4072700751189774,0.3984083094783943,0.4023284838841121,0.4023284838841121,0.0920545772788576
6/15/2020,0.4089610300310684,0.3904605355105967,0.4049377928306038,0.418557908861042,0.418557908861042,0.0575464462615325
6/16/2020,0.4184717867643465,0.4159301831143596,0.4263948990497256,0.4417771593572255,0.4417771593572255,0.0755518929091434
6/17/2020,0.4535043932052803,0.4436869893297239,0.4572615548188274,0.4672025193892827,0.4672025193892827,0.0932405129474742
6/18/2020,0.4685775872187835,0.4487942838636967,0.465132079279131,0.4717895882907074,0.4717895882907074,0.0542517957836091
6/19/2020,0.4694282820221676,0.4514811227204434,0.4712878586599754,0.4801992036884244,0.4801992036884244,0.0829375886205577
6/22/2020,0.4822765146480016,0.4839454721672112,0.4902167255931089,0.5114785730640128,0.5114785730640128,0.0887824336092437
6/23/2020,0.50734029876205,0.4959808544298161,0.5128390891746653,0.5075904993835247,0.5075904993835247,0.0831782383401748
6/24/2020,0.5117902891594931,0.4923169004957755,0.4897550648937981,0.4892204243412359,0.4892204243412359,0.0637496688902239
6/25/2020,0.4906746892542878,0.4804370429492119,0.4897550648937981,0.5068259769783925,0.5068259769783925,0.0517743155766157
6/26/2020,0.5071003820784165,0.4827019739103961,0.4639009357144418,0.4576570856315309,0.4576570856315309,0.0980032998443567
6/29/2020,0.4609428334549273,0.4374917190344336,0.4416963577967131,0.4660448360632891,0.4660448360632891,0.0640578390347695
6/30/2020,0.4713914913304383,0.4595194826976903,0.47436571537322,0.4830825133772689,0.4830825133772689,0.0528823430626225
7/1/2020,0.4800733210339923,0.5275569994009592,0.4897550648937981,0.5499224823611704,0.5499224823611704,0.1482315708194036
7/2/2020,0.5490915277796254,0.5365501779682031,0.5370883048636119,0.5308097498797082,0.5308097498797082,0.0901570802090709
7/6/2020,0.5384682565414604,0.5525825114587424,0.5464757838879011,0.5677682765848382,0.5677682765848382,0.1159100627939951
7/7/2020,0.5745479411034503,0.5643958237278128,0.570724999576848,0.5663484867063748,0.5663484867063748,0.0783565874830982
7/8/2020,0.5773182420456807,0.5650175739664927,0.5772764896988718,0.5873615599530035,0.5873615599530035,0.0787340093455193
7/9/2020,0.5987391950183504,0.5758982286796483,0.5816074945481415,0.5982394591527453,0.5982394591527453,0.0813101732504852
7/10/2020,0.6234539530920468,0.6777768213152446,0.6156839113437074,0.6877306678822916,0.6877306678822916,0.3542502376199569
7/13/2020,0.7287044871223495,0.721055211360796,0.6369652338171696,0.6369891372206098,0.6369891372206098,0.2987345979851212
7/14/2020,0.6176734345239526,0.6103166683867003,0.5699775234812838,0.6356348745263418,0.6356348745263418,0.2413301177452333
7/15/2020,0.6159719118543335,0.6180885741270024,0.6132655717996027,0.6320962995484782,0.6320962995484782,0.1544780757717671
7/16/2020,0.6381781210651979,0.6326108862869022,0.6004704093246656,0.6411175202012898,0.6411175202012898,0.4043434677451467
7/17/2020,0.5692254205068589,0.5616645295702316,0.5560172399495793,0.5659771230377915,0.5659771230377915,0.4128683542156117
7/20/2020,0.5567262815434816,0.5636852339448881,0.5561491420643201,0.5865533753296348,0.5865533753296348,0.1869155804246169
7/21/2020,0.5935039483827126,0.5675045727006667,0.5658443729033646,0.5596644954871965,0.5596644954871965,0.1379788539879467
7/22/2020,0.5633793957514707,0.5474752857616492,0.5627445775731392,0.5590528902321019,0.5590528902321019,0.1005898515070039
7/23/2020,0.5610671625842062,0.5357063599565337,0.5293716233335086,0.5323168641946452,0.5323168641946452,0.1138844500461389
7/24/2020,0.512291957922525,0.5252032266749853,0.5195224836099086,0.538585895056372,0.538585895056372,0.1143034229392853
7/27/2020,0.5466265820862178,0.5468535355229696,0.551993986915065,0.5717874024494052,0.5717874024494052,0.1163273043941946
7/28/2020,0.5717339693696909,0.548785400353381,0.5639757211378287,0.5561914476935286,0.5561914476935286,0.083841323538832
7/29/2020,0.563510272881849,0.5424124465285112,0.5559952331797648,0.5473886713749503,0.5473886713749503,0.0946636357498143
7/30/2020,0.5383373794110821,0.5278234536379043,0.5414413164826963,0.5502719133501139,0.5502719133501139,0.0946082343755139
7/31/2020,0.5548721139698244,0.5421459256752312,0.55680865923346,0.5569996323168975,0.5569996323168975,0.0826224933042245
8/3/2020,0.5604781522381158,0.5605542573216169,0.5694059652385681,0.5782748121159966,0.5782748121159966,0.0818745747511699
8/4/2020,0.5774709523904652,0.5768752726995183,0.5879171168591861,0.6023459771674666,0.6023459771674666,0.077284917148976
8/5/2020,0.5993499731381006,0.5761202964526384,0.5935232766142955,0.5858980401426226,0.5858980401426226,0.0547815714253561
8/6/2020,0.5893811486298569,0.5777190907111878,0.5880270803569463,0.601122701127909,0.601122701127909,0.0447002525956409
8/7/2020,0.5923042275389766,0.5721011175742869,0.5616013269805191,0.5697778722818059,0.5697778722818059,0.0825186157274114
8/10/2020,0.5659097800100675,0.5480525806994943,0.5439036014135963,0.5449859147571212,0.5449859147571212,0.0614124234119282
8/11/2020,0.5362432951537913,0.5113248235673029,0.5173459437239498,0.509053951480225,0.509053951480225,0.107083931350772
8/12/2020,0.517898063812921,0.5148110273554294,0.5253264316820137,0.5277079958566304,0.5277079958566304,0.074362494654633
8/13/2020,0.5332984484710118,0.5191633434219776,0.5391109336665372,0.5405080352581291,0.5405080352581291,0.0322868821664707
8/14/2020,0.5429400801533096,0.5277790005576142,0.547377166669542,0.5434568699468569,0.5434568699468569,0.0311546165792075
8/17/2020,0.5459285300055138,0.5231380692200387,0.5449368885084565,0.54273607528933,0.54273607528933,0.022151893255402
8/18/2020,0.5462775560458658,0.5432561979238459,0.5530712193967204,0.5635307042017257,0.5635307042017257,0.0408844829407049
8/19/2020,0.5671749394189926,0.5414797889725964,0.5546101807305202,0.5474978607773826,0.5474978607773826,0.0348370766772333
8/20/2020,0.5470192091146361,0.5513390109813829,0.5554676203238442,0.5767021050874954,0.5767021050874954,0.0690526191865346
8/21/2020,0.5726937713484349,0.5495403766002609,0.5689002909996286,0.5644918081594448,0.5644918081594448,0.0480831990138555
8/24/2020,0.5704688099607659,0.555913328204586,0.5538627068334347,0.5568467151668599,0.5568467151668599,0.062641641404217
8/25/2020,0.5546539628784922,0.5369720858637659,0.5581057527562803,0.560712923881389,0.560712923881389,0.0793572748063981
8/26/2020,0.5640556124364101,0.6625882369994958,0.5734730977055227,0.6851096001732788,0.6851096001732788,0.3329224398072725
8/27/2020,0.6628275758179148,0.6447351080937522,0.6376027442164951,0.6386711013652242,0.6386711013652242,0.1370993571709288
8/28/2020,0.6502192620570727,0.6402940190992938,0.6392516030936999,0.6334724272087049,0.6334724272087049,0.0566738746163021
8/31/2020,0.6265732800746292,0.6247279799682726,0.6295343654848409,0.6458574407233835,0.6458574407233835,0.0657441183650361
9/1/2020,0.6515280246354221,0.6811298657115055,0.6622257298311622,0.7048120074145081,0.7048120074145081,0.1459254886141519
9/2/2020,0.6977293073098289,0.6791535478008042,0.6730422066914912,0.6967082940305471,0.6967082940305471,0.0821134931778401
9/3/2020,0.6785769188942526,0.6736021865577313,0.6377566531010506,0.6375352152915086,0.6375352152915086,0.1372413231925734
9/4/2020,0.6244355926479136,0.6144468478433793,0.5600624316010743,0.6163473599288831,0.6163473599288831,0.1233736666880192
9/8/2020,0.576925612835904,0.6025447626463982,0.5798926835143272,0.5966230221923265,0.5966230221923265,0.0766737707387253
9/9/2020,0.6223197384356046,0.5981036736519401,0.574550396141533,0.5817041976914277,0.5817041976914277,0.0987546809833051
9/10/2020,0.5877233621925136,0.5676600285798288,0.5443652621129071,0.5390664459430752,0.5390664459430752,0.0882301511591872
9/11/2020,0.5509456277311778,0.5397699941357195,0.5399023551488964,0.5420370800683934,0.5420370800683934,0.0673680711492149
9/14/2020,0.5381410658968729,0.5292445665874188,0.5277887166129134,0.5294336222194815,0.5294336222194815,0.1076015879418909
9/15/2020,0.5455140675813309,0.5480748083499116,0.5504990369224154,0.5725300598885785,0.5725300598885785,0.0725931132629158
9/16/2020,0.5803939636774801,0.5640405299466227,0.5541924654180046,0.5460343409670014,0.5460343409670014,0.056282602410306
9/17/2020,0.5262308696574814,0.5057290092439402,0.5101349364327858,0.5161966941495162,0.5161966941495162,0.0733254501794485
9/18/2020,0.5204502834672825,0.5079495537411693,0.499868079198192,0.5156724133308954,0.5156724133308954,0.0964970749805662
9/21/2020,0.5099361194044777,0.5265577277306721,0.5168403354393651,0.5536576367073085,0.5536576367073085,0.0746793212639131
9/22/2020,0.5564426940683186,0.5355287452638338,0.5452886538628408,0.5620017249208298,0.5620017249208298,0.0404828229770274
9/23/2020,0.5608708490699971,0.5337967249970841,0.5227322424378942,0.5170922032093588,0.5170922032093588,0.0447089090603753
9/24/2020,0.5161311702002177,0.5026202602710863,0.5201380531937747,0.5224874589184647,0.5224874589184647,0.0447227594039504
9/25/2020,0.5245512478243733,0.5200959343615572,0.5205997160915641,0.5438937586153234,0.5438937586153234,0.0454533650275362
9/28/2020,0.5566607753561875,0.5359284277295235,0.5422547425363915,0.5608658410314267,0.5608658410314267,0.0628372775072151
9/29/2020,0.5575115377816763,0.5454545836075371,0.561271568395949,0.5670474819273112,0.5670474819273112,0.0415077484015837
9/30/2020,0.5642083227811948,0.5639739158322503,0.5672953775092189,0.5813547011731155,0.5813547011731155,0.0604238551392565
10/1/2020,0.5935693869479016,0.6193098469539444,0.5987996118304799,0.6413796267537599,0.6413796267537599,0.1213584416978443
10/2/2020,0.6162554993294963,0.6122485309965673,0.5968209943687053,0.5879731652080982,0.5879731652080982,0.0853042660789504
10/5/2020,0.5952490087810095,0.6003019904987519,0.5946225158657654,0.6263952750686657,0.6263952750686657,0.0509709956492608
10/6/2020,0.6212507616593957,0.6021450801807087,0.6000307553951691,0.5941110761720652,0.5941110761720652,0.052890999527357
10/7/2020,0.6196802470016479,0.6347204302058038,0.625665021334882,0.6569973787619146,0.6569973787619146,0.118501808335483
10/8/2020,0.6534476285929102,0.6314118411103773,0.6439783846385045,0.6507284134295563,0.6507284134295563,0.0734501032716243
10/9/2020,0.6629366175525285,0.6520185584404543,0.6678318236319165,0.6674384548225583,0.6674384548225583,0.0629723183570722
10/12/2020,0.6868878893430482,0.6687391896677104,0.6749548719966563,0.6682466416302393,0.6682466416302393,0.073529742747181
10/13/2020,0.66889168404253,0.6817072272656857,0.672668502720126,0.6994386843850418,0.6994386843850418,0.0771896960368973
10/14/2020,0.7169906043971673,0.7146600321060534,0.6810226946495548,0.6718289443557082,0.6718289443557082,0.1446495257122972
10/15/2020,0.6797112687949044,0.6674290084596437,0.6680516187187262,0.6728992355315473,0.6728992355315473,0.0687167483548388
10/16/2020,0.6883930308763534,0.6743350039910734,0.6569054492281825,0.6485441011459607,0.6485441011459607,0.0900860971982486
10/19/2020,0.6612787634930805,0.6465115170450015,0.6466824714260286,0.6483911839959229,0.6483911839959229,0.1112096024432006
10/20/2020,0.6417992520550216,0.6287028412195481,0.6398232294892492,0.6368143551046133,0.6368143551046133,0.1541404736471244
10/21/2020,0.5826625958566786,0.5689035268366436,0.5650529536194839,0.5573709282718,0.5573709282718,0.281537665143706
10/22/2020,0.5688327912970824,0.5429009707589907,0.5513124629761106,0.5490269055876469,0.5490269055876469,0.1013481578177398
10/23/2020,0.5544794171379429,0.5316205669638101,0.5498834651400708,0.5556890318408663,0.5556890318408663,0.0655103938172066
10/26/2020,0.5521235808012538,0.5466314677499795,0.5444971664261264,0.555601639690712,0.555601639690712,0.087293521674922
10/27/2020,0.5586240522865632,0.5325753833332625,0.5533570325944952,0.5571088217193298,0.5571088217193298,0.0429914664570648
10/28/2020,0.5506620402560148,0.5403695167239819,0.5541265132613948,0.5512330151235205,0.5512330151235205,0.0839452011156451
10/29/2020,0.5553301795634317,0.5845584055119102,0.5454645013643769,0.5904851090440473,0.5904851090440473,0.172725903431942
10/30/2020,0.5848003509054988,0.5667495964537868,0.5297893386460242,0.5282977361457659,0.5282977361457659,0.1153716306875137
11/2/2020,0.5343236890149449,0.5232712974487834,0.5359231134555325,0.5466022840038594,0.5466022840038594,0.0565128643722418
11/3/2020,0.5475427154547908,0.5432784255742631,0.544189414611371,0.5533736651888796,0.5533736651888796,0.0440821810136027
11/4/2020,0.5702942642202166,0.5708576170969277,0.577650259624592,0.5746270477357007,0.5746270477357007,0.0691357212479852
11/5/2020,0.5947255046222132,0.5952835377295689,0.5984698532459101,0.6113453328543192,0.6113453328543192,0.0732129161379009
11/6/2020,0.6131361723469141,0.5874673143621911,0.5964032790561897,0.6134640502400386,0.6134640502400386,0.0535367717965453
11/9/2020,0.5488733788696515,0.5444775373671229,0.518906911827564,0.5168519616228475,0.5168519616228475,0.1605895398742735
11/10/2020,0.5170473690095373,0.519496411773295,0.5104427564003751,0.5381271414219466,0.5381271414219466,0.1239969321488981
11/11/2020,0.5433327093630863,0.5352178379465988,0.5430901753599011,0.5611061503316188,0.5611061503316188,0.0747312600523196
11/12/2020,0.5607835751090432,0.54596526443101,0.5478608363371458,0.5523906984495142,0.5523906984495142,0.0678614896390773
11/13/2020,0.551556405850928,0.5291335660090914,0.5420788268820218,0.5438063664651691,0.5438063664651691,0.0321795420037638
11/16/2020,0.5367886347083525,0.5216725031902341,0.5409795876305519,0.5356370603676441,0.5356370603676441,0.0486424066356996
11/17/2020,0.5370503867877506,0.5259582051424097,0.5443872688827216,0.5389790559772332,0.5389790559772332,0.0442189531564067
11/18/2020,0.541042309410228,0.5284007485757494,0.5419029771820072,0.5415128669634532,0.5415128669634532,0.0430260923160025
11/19/2020,0.5411513511448417,0.5266021141946271,0.5479487930650915,0.5478036950774579,0.5478036950774579,0.019229470761059
11/20/2020,0.5481753267889476,0.542057152747321,0.5503671326091961,0.555601639690712,0.555601639690712,0.0538328228904628
11/23/2020,0.5596056220389672,0.5340409515836118,0.5377698266040878,0.5302199418768918,0.5302199418768918,0.0739712224486368
11/24/2020,0.5342582504497558,0.5182750723300178,0.5378797923003265,0.5438937586153234,0.5438937586153234,0.0416635647668034
11/25/2020,0.5479790132747383,0.524603637470388,0.5445411777672768,0.5485244897349848,0.5485244897349848,0.0424963166742555
11/27/2020,0.5511419434267452,0.53870410835106,0.5509827043915407,0.5624166830939692,0.5624166830939692,0.0287706261913459
11/30/2020,0.5587766971906013,0.5371497005564656,0.5497075494857011,0.5609750959632276,0.5609750959632276,0.0413242313492139
12/1/2020,0.5637065863960581,0.5747213423166615,0.5732533026187128,0.5912932958517285,0.5912932958517285,0.0676710474149199
12/2/2020,0.58394958848001,0.5687924596419811,0.5765949657599176,0.5886721604290348,0.5886721604290348,0.0326244842911134
12/3/2020,0.5869380383322139,0.5731669345220671,0.5821791209436911,0.5758720554981676,0.5758720554981676,0.0291220786595637
12/4/2020,0.5749624035276332,0.5636852339448881,0.5769027857275066,0.5775976818610187,0.5775976818610187,0.0436666707063502
12/7/2020,0.5804376344690095,0.5931296761835916,0.5859824447842068,0.615757685169116,0.615757685169116,0.0544543570583947
12/8/2020,0.6194621635324208,0.6014122627473666,0.6030866053385993,0.6089425085228097,0.6089425085228097,0.0534103874114227
12/9/2020,0.6033854989300024,0.5858906789171796,0.5717363480547273,0.5673095884797814,0.5673095884797814,0.0525412783520861
12/10/2020,0.5685492060032776,0.5620642120359214,0.5752978722370972,0.58367006564079,0.58367006564079,0.0324478924105311
12/11/2020,0.5695090079820216,0.5611093934459241,0.5795629249297571,0.5883226617264103,0.5883226617264103,0.0357840939191797
12/14/2020,0.592282392143212,0.6073410788057119,0.5934792652731453,0.6302614182538262,0.6302614182538262,0.0800965368947183
12/15/2020,0.6207709261107702,0.608540259435451,0.6206964401319315,0.6244949343034987,0.6244949343034987,0.0389696729414494
12/16/2020,0.6242828801217709,0.6144913031442136,0.6297761651429867,0.6355256851239095,0.6355256851239095,0.0439471401637456
12/17/2020,0.6436751874023389,0.6324998857085746,0.6490128520437095,0.6531531005427127,0.6531531005427127,0.0354811176534747
12/18/2020,0.6528369180952648,0.6344539759688588,0.6480895306450878,0.6565387583705384,0.6565387583705384,0.0581489362070487
12/21/2020,0.6459655873551969,0.6261269341042495,0.6373829491296854,0.6444375831312394,0.6444375831312394,0.0476105560393557
12/22/2020,0.6408176124991548,0.6211973897161911,0.6359538853392903,0.6409864658328988,0.6409864658328988,0.01320284001295
12/23/2020,0.6344262503705637,0.6121375304182397,0.6221034971525121,0.6129179721691396,0.6129179721691396,0.0216273114924957
12/24/2020,0.6133979244263125,0.596660266435673,0.6177285469164471,0.6118039532456954,0.6118039532456954,0.0
12/28/2020,0.6162554993294963,0.6062308065570974,0.6065602387473785,0.623053213929708,0.623053213929708,0.0302612694186145
12/29/2020,0.62382487996891,0.6348536584345486,0.6249174792849628,0.6487188832619573,0.6487188832619573,0.0498335361831569
12/30/2020,0.6461401330957462,0.6275481158906435,0.6429670361606252,0.6350014720189692,0.6350014720189692,0.0126782582500437
12/31/2020,0.6361059376444184,0.6547275583312835,0.6417799061355647,0.6702561696135261,0.6702561696135261,0.0735505182625436
1/4/2021,0.665488769584785,0.6442909725477723,0.6240601759973059,0.631222520027233,0.631222520027233,0.0571395924190144
1/5/2021,0.6274240425001177,0.6131590297389442,0.6258189324179155,0.6267228432759626,0.6267228432759626,0.0344509983500778
1/6/2021,0.6065266591269912,0.5827818633279909,0.5897858367775559,0.582359465164759,0.582359465164759,0.0727523922140293
1/7/2021,0.598477442938952,0.5901985396828933,0.6049993365981194,0.6007077429547698,0.6007077429547698,0.0440163918816211
1/8/2021,0.6050869561588751,0.583092770645226,0.600800236062069,0.6040060086324412,0.6040060086324412,0.0316809296350607
1/11/2021,0.5975176387788498,0.5775192505886151,0.5863782214797415,0.5793233060395575,0.5793233060395575,0.0460904808319901
1/12/2021,0.5804157990732449,0.5561131683271587,0.5593809076621199,0.5687293783582448,0.5687293783582448,0.0839053813778668
1/13/2021,0.570599687091144,0.5811164549550689,0.5755177332782622,0.598304986336941,0.598304986336941,0.0673144010678614
1/14/2021,0.5964487950654921,0.5858906789171796,0.5899616864775707,0.583167649788128,0.583167649788128,0.0525170402508297
1/15/2021,0.5804157990732449,0.5677266404736565,0.5801125445554922,0.5768768872034917,0.5768768872034917,0.0822675782501129
1/19/2021,0.5825971572914895,0.5742328203067266,0.5766829246863416,0.5851553827034492,0.5851553827034492,0.1934165854401726
1/20/2021,0.7231202166277181,0.760847331001886,0.7158905307290016,0.7698827555310024,0.7698827555310024,0.5452447442274364
1/21/2021,0.7602688103438123,0.7507661078364445,0.7456580153994672,0.7556847256876305,0.7556847256876305,0.1845229335720209
1/22/2021,0.7595052564385308,0.7401962938241888,0.7323571149297134,0.7236407683775414,0.7236407683775414,0.1109204765210707
1/25/2021,0.7265667996956343,0.7085757623890905,0.697841107960528,0.7053144887965388,0.7053144887965388,0.1049734852485184
1/26/2021,0.6998014907306084,0.7046675818685222,0.7097348195009907,0.7165636184218143,0.7165636184218143,0.0671707037532699
1/27/2021,0.6910325223103103,0.6789758664917693,0.6254670989106976,0.6321400272960835,0.6321400272960835,0.1303023010614557
1/28/2021,0.6586829428506528,0.6717147770281544,0.6584662832246082,0.6656035757122183,0.6656035757122183,0.0835348846872332
1/29/2021,0.6633074113665404,0.6447351080937522,0.6572351418583973,0.652039081619268,0.652039081619268,0.0550776225192736
2/1/2021,0.6606679199325837,0.6537505143114135,0.6606427549577334,0.6665646774856251,0.6665646774856251,0.0416116259783969
2/2/2021,0.6720546796352834,0.6768885480027405,0.67647182875912,0.6864855945904562,0.6864855945904562,0.0454222017544922
2/3/2021,0.6898545037994878,0.6657858255165945,0.6749548719966563,0.6674603197885169,0.6674603197885169,0.0351158148416819
2/4/2021,0.6672556653788465,0.685770725991657,0.6733500266590802,0.6952228437248389,0.6952228437248389,0.0696066329295381
2/5/2021,0.6944136013722907,0.6745792305776013,0.6908718343731546,0.6922303468178743,0.6922303468178743,0.0213329916915251
2/8/2021,0.700390501076699,0.6758227310549605,0.6869586129892342,0.6859613814855161,0.6859613814855161,0.028526513885835
2/9/2021,0.6807582771124973,0.7002487205244812,0.6854196516554343,0.7103165158711027,0.7103165158711027,0.0443124429755385
2/10/2021,0.7167506877135336,0.7016921277407482,0.7084157851627109,0.7201896510792007,0.7201896510792007,0.0492951040766755
2/11/2021,0.7209825270196447,0.7000932668658635,0.7100865167025414,0.7070837773776266,0.7070837773776266,0.0274686938952879
2/12/2021,0.7046223403828099,0.6897011341626427,0.7026776551400271,0.7047465479439934,0.7047465479439934,0.0182322460236529
2/16/2021,0.7053857634065982,0.6949860411687705,0.7068108035194678,0.7064066449383366,0.7064066449383366,0.0256248669068547
2/17/2021,0.6916432328079559,0.6763778671792677,0.6854856697663991,0.6934318256051537,0.6934318256051537,0.0160248475163737
2/18/2021,0.6873023517672311,0.6647200085688147,0.6749328652268416,0.6866166489588472,0.6866166489588472,0.0227180260490336
2/19/2021,0.6851209935489865,0.6624772364211684,0.6762080223311597,0.6691421506900819,0.6691421506900819,0.0293886977733841
2/22/2021,0.6567415013160419,0.6464892893945844,0.658576180768013,0.6550753062738381,0.6550753062738381,0.03349359335045
2/23/2021,0.6349497545293602,0.6614779647508813,0.6310733268186408,0.6820952383003553,0.6820952383003553,0.0518089414355534
2/24/2021,0.6672338299830821,0.6799306850817664,0.6767796465282307,0.6979532340793335,0.6979532340793335,0.0363744648140677
2/25/2021,0.6900727203315663,0.6791090924999694,0.6694806825091213,0.6832965838445855,0.6832965838445855,0.0538241664257284
2/26/2021,0.6818707916173842,0.6715815510199541,0.6744272591407356,0.6661496537831171,0.6661496537831171,0.0452144466008659
3/1/2021,0.6798203083481597,0.6694720071010525,0.6832211731524946,0.6919027807948892,0.6919027807948892,0.0328495523742085
3/2/2021,0.6967695053310846,0.6802415923990015,0.6920591007038825,0.6857430026806512,0.6857430026806512,0.0328634027177836
3/3/2021,0.6806055667677126,0.6603011472247735,0.6300399737694253,0.626504464471098,0.626504464471098,0.0730328616714248
3/4/2021,0.6273150007655041,0.6236399353700752,0.6077693755422535,0.6059500793295258,0.6059500793295258,0.0673611459774274
3/5/2021,0.6065484945227558,0.5931296761835916,0.5882249368267753,0.6170900850817373,0.6170900850817373,0.0679705610947311
3/8/2021,0.6119582868989427,0.5955279019898556,0.5751659679238779,0.5667197826612771,0.5667197826612771,0.0491306312467213
3/9/2021,0.5963615232858966,0.5828040887578638,0.599283279299605,0.5953561494639008,0.5953561494639008,0.0402698739445605
3/10/2021,0.6098641350195472,0.5958164484240036,0.6002286096665197,0.5912059714152549,0.5912059714152549,0.0454897221794208
3/11/2021,0.6070283955121277,0.6208420270981216,0.6144307610092039,0.6316594108800115,0.6316594108800115,0.0618158146685526
3/12/2021,0.6076827768013026,0.6125594405343466,0.6053730405694846,0.6206505250255598,0.6206505250255598,0.0491288999537744
3/15/2021,0.6160155804645046,0.5997246267240273,0.6085388562091534,0.6255214977317325,0.6255214977317325,0.0405174488359651
3/16/2021,0.6337935714143023,0.6279033430554988,0.641911810448784,0.6337782615087804,0.6337782615087804,0.0362688559443077
3/17/2021,0.6284056798746264,0.6166896199910257,0.622323292239322,0.634673770568623,0.634673770568623,0.0289714561731846
3/18/2021,0.6161901262050539,0.5934405835008267,0.5993492314562148,0.5917520494861539,0.5917520494861539,0.0510817983978615
3/19/2021,0.5912353162035141,0.5829817700668984,0.59446860698121,0.6078940823129293,0.6078940823129293,0.0561354425098207
3/22/2021,0.6003316105126092,0.6187769384800543,0.610957195753258,0.631768598098132,0.631768598098132,0.0383758394606676
3/23/2021,0.6455729581454205,0.6494426513251557,0.655520396778938,0.6579367509967238,0.6579367509967238,0.076860750376989
3/24/2021,0.6541021429449364,0.630123887552728,0.6348546460878204,0.6267447082419213,0.6267447082419213,0.0512151079547717
3/25/2021,0.6174770533876387,0.5948395376368036,0.5842896405202067,0.5875362743553194,0.5875362743553194,0.0654913495947908
3/26/2021,0.5865672445182021,0.5730559339437395,0.5835861120099164,0.5988728616601178,0.5988728616601178,0.040231785499729
3/29/2021,0.5927622953139423,0.5936625846574817,0.6005583682510895,0.611760356556827,0.611760356556827,0.0378460638189206
3/30/2021,0.603341895760578,0.5856907699577276,0.6060765712782534,0.6105371482309503,0.6105371482309503,0.0220584034362702
3/31/2021,0.6145976452700482,0.6161567115171354,0.6248295885113724,0.6286013190751707,0.6286013190751707,0.0408429319099796
4/1/2021,0.6457038352757988,0.6436248358451377,0.6503100137193634,0.6673947270749527,0.6673947270749527,0.0483827126936667
4/5/2021,0.6676919631987942,0.6488430621205581,0.655146558700384,0.6701251174294474,0.6701251174294474,0.038294468692164
4/6/2021,0.6781624564700696,0.6739796413730037,0.6860791688245742,0.6785566633224918,0.6785566633224918,0.0403425882483297
4/7/2021,0.6753048815668857,0.6639206458579794,0.6820120363576199,0.6839299863519581,0.6839299863519581,0.0174393138539792
4/8/2021,0.6919486556788833,0.6800418188927637,0.6954667138032185,0.7005089755608809,0.7005089755608809,0.0548092721125063
4/9/2021,0.6953515679552703,0.6800418188927637,0.6944553653253391,0.7021034820259722,0.7021034820259722,0.0302976265704991
4/12/2021,0.691774109938334,0.6824399092458133,0.6998856775789124,0.6965772396621561,0.6965772396621561,0.0311650043368888
4/13/2021,0.7047532175131882,0.686370317416799,0.7014685183451523,0.6986522293002699,0.6986522293002699,0.0272903707217587
4/14/2021,0.700106913601536,0.6755340491675983,0.6755925165031704,0.6687053952646647,0.6687053952646647,0.0449495587799924
4/15/2021,0.6767663544900199,0.6724696866586994,0.6846721096055153,0.688800961242443,0.688800961242443,0.0345410255833158
4/16/2021,0.6906615954334471,0.6691166422624384,0.6777469836649597,0.6829470196125926,0.6829470196125926,0.0357529306461358
4/19/2021,0.6827215518615147,0.6790203195720594,0.6909818660237486,0.7002031390764933,0.7002031390764933,0.0544439693007134
4/20/2021,0.6991252762270274,0.6948305875101528,0.6926746043333933,0.6895655491769437,0.6895655491769437,0.1750960434762284
4/21/2021,0.5978666648192018,0.5880224504864986,0.5987996118304799,0.6007295402070478,0.6007295402070478,0.3766150799078259
4/22/2021,0.610562184918893,0.5846916337406547,0.5920942128239006,0.6004674336545777,0.6004674336545777,0.1370681938978848
4/23/2021,0.600069858433211,0.5752320919770137,0.5924240373628258,0.5934120809511285,0.5934120809511285,0.1067117033671916
4/26/2021,0.5951618024421607,0.5769641144643078,0.597480511537845,0.603787564298208,0.603787564298208,0.056176993540546
4/27/2021,0.6079445288807009,0.5825376345209188,0.6009540789922694,0.5934120809511285,0.5934120809511285,0.0453131302988384
4/28/2021,0.5917588879844154,0.5723453441608148,0.5982279854349304,0.5955308660505287,0.5955308660505287,0.0354741924816872
4/29/2021,0.5969941346200532,0.5743216620715161,0.588686597526086,0.6009479845412811,0.6009479845412811,0.068971248418031
4/30/2021,0.591322590164468,0.5860016794955072,0.6018774685437245,0.6107117971038976,0.6107117971038976,0.0565994290195861
5/3/2021,0.6080100328866366,0.5957721285763833,0.6023171906260545,0.6011882261277923,0.6011882261277923,0.0510367847812424
5/4/2021,0.6039308384845635,0.5795177273128544,0.5838279798208958,0.5882352717605683,0.5882352717605683,0.0554965954124199
5/5/2021,0.5913007547687031,0.5709686176752551,0.579079257460632,0.5727266414411654,0.5727266414411654,0.0343730901674679
5/6/2021,0.5716685308045016,0.5526935120370697,0.5719121955562634,0.5803062072495546,0.5803062072495546,0.0457009399189408
5/7/2021,0.5904936631347438,0.5726784125121323,0.5933473609599258,0.5896769244206783,0.5896769244206783,0.034431954127662
5/10/2021,0.5847785155097341,0.5606874855503616,0.5603481766460154,0.552215981862886,0.552215981862886,0.0690370375500127
5/11/2021,0.5362432951537913,0.5492294670624813,0.5439036014135963,0.5705423291575695,0.5705423291575695,0.056388211280066
5/12/2021,0.5516872829813063,0.539348086240157,0.5528514243099105,0.5484808275167481,0.5484808275167481,0.0515492474935206
5/13/2021,0.556704446147717,0.5332193612223595,0.5528733629268914,0.5521504568630029,0.5521504568630029,0.0271553298719016
5/14/2021,0.5539340775833818,0.5422569928698937,0.5614034705106901,0.5668071726271193,0.5668071726271193,0.0300985278816072
5/17/2021,0.548982418422907,0.5375049943376558,0.5530932261665349,0.5571306845009765,0.5571306845009765,0.0270289454867789
5/18/2021,0.5551120306534579,0.5392148580114122,0.5605240923003851,0.551320407273675,0.551320407273675,0.0208880494041755
5/19/2021,0.5403442595108822,0.5283119756478389,0.5437057471422457,0.5544221591124405,0.5544221591124405,0.0381905911153508
5/20/2021,0.55762057951629,0.5596882804964096,0.5666578671098934,0.5849370038985844,0.5849370038985844,0.0446188818271373
5/21/2021,0.5872216258073769,0.5656837106691273,0.584861266915756,0.5766803078352174,0.5766803078352174,0.0377231420196917
5/24/2021,0.582706199026103,0.5631300978205809,0.5898078435473704,0.5876236665054737,0.5876236665054737,0.0219631823241915
5/25/2021,0.5935039483827126,0.5678376410519841,0.5891702649952113,0.5842161437116891,0.5842161437116891,0.0269302617888064
5/26/2021,0.5855201685785044,0.562885871234053,0.5919843152804958,0.5864441182135216,0.5864441182135216,0.0228755737072002
5/27/2021,0.5843422176897864,0.5650175739664927,0.5876753172010403,0.589720586638915,0.589720586638915,0.0365268185933937
5/28/2021,0.5900137621453717,0.5798064092002169,0.5964472244429848,0.5874270871371994,0.5874270871371994,0.0305798273208414
6/1/2021,0.589163067341988,0.5657059383195446,0.585916492627597,0.5792795782919524,0.5792795782919524,0.0231750873870114
6/2/2021,0.5800231698634682,0.5608429392089793,0.5816954512760872,0.5796290748102644,0.5796290748102644,0.0194770456524637
6/3/2021,0.5699234704062047,0.5462761739687896,0.5628544751165443,0.5582009778611279,0.5582009778611279,0.0474962907048613
6/4/2021,0.5629649333272878,0.5578229631640357,0.5709888719591634,0.5697996695340839,0.5697996695340839,0.0349115222739494
6/7/2021,0.5649718112457297,0.5463650135130347,0.5701094277945034,0.5696249551317683,0.5696249551317683,0.0285299764717288
6/8/2021,0.5738717244185109,0.5510725567444379,0.5675152385503841,0.5646665902754411,0.5646665902754411,0.0212949032466936
6/9/2021,0.5684183288728993,0.5450104458410128,0.5571384178180299,0.5502937783160728,0.5502937783160728,0.033085008214985
6/10/2021,0.5524290014908232,0.5319536330945829,0.5516202829436998,0.553482854591312,0.553482854591312,0.0560748472566797
6/11/2021,0.5586022168907986,0.5346183153583364,0.5640196665246238,0.5567593230167054,0.5567593230167054,0.0342796003483361
6/14/2021,0.557904166991453,0.5614646894476589,0.5621070012194587,0.5810489324024088,0.5810489324024088,0.0563743609364909
6/15/2021,0.583098893676626,0.5564240778649381,0.5697796692099333,0.5635962313859213,0.5635962313859213,0.0339350730519058
6/16/2021,0.5695090079820216,0.5458320362022653,0.5607219487702142,0.564710252493678,0.564710252493678,0.0413640510869922
6/17/2021,0.5591475564453597,0.5576897371558354,0.5692300495841984,0.577663206860902,0.577663206860902,0.0355659510078721
6/18/2021,0.5725628963994148,0.5636630062944707,0.5804202963702476,0.5829710704198536,0.5829710704198536,0.0701796908949572
6/21/2021,0.5839932592715392,0.5582448732801426,0.5739128197878525,0.574736237138133,0.574736237138133,0.0715595313736251
6/22/2021,0.5772310357068317,0.583781134998278,0.5816514399349368,0.6005548236204199,0.6005548236204199,0.0807700098510568
6/23/2021,0.5989137407588995,0.5906204497990002,0.6089126261348736,0.6091172906388063,0.6091172906388063,0.0484900528563736
6/24/2021,0.6195930406627989,0.6002354452212588,0.6225432192348421,0.6207378494620333,0.6207378494620333,0.0383862272183489
6/25/2021,0.6433262289840914,0.6271039803446636,0.6458470386025192,0.6404185227960411,0.6404185227960411,0.0719369532360462
6/28/2021,0.6417555812634924,0.6290580683844036,0.6448797036642686,0.6534370720611415,0.6534370720611415,0.0290199323756974
6/29/2021,0.6536003411190531,0.6339210674949687,0.6536956222473636,0.6544636354893751,0.6544636354893751,0.0202665152362435
6/30/2021,0.65471285562394,0.6300351146248178,0.6498482848672191,0.6429086715640242,0.6429086715640242,0.028209687276555
7/1/2021,0.636520269187108,0.6359417030327459,0.6474298793687592,0.6545509599258488,0.6545509599258488,0.0287637010195584
7/2/2021,0.6578540158209288,0.6392725197785896,0.6554983922076021,0.6555120616992554,0.6555120616992554,0.0143957008533542
7/6/2021,0.6524006202753173,0.648865287550431,0.663434866626037,0.672243970242528,0.672243970242528,0.028239119256652
7/7/2021,0.6769190648348046,0.6528179233718336,0.6604888460731781,0.6598370917618908,0.6598370917618908,0.0273284591665902
7/8/2021,0.6478851934940434,0.632522113358992,0.6548388750384622,0.6484786416754458,0.6484786416754458,0.0367899751213203
7/9/2021,0.6480379038388281,0.6386508383767893,0.653717629017178,0.6598806862664466,0.6598806862664466,0.0282754764085366
7/12/2021,0.6683245090922044,0.64395797081279,0.6632589509716673,0.66278586092125,0.66278586092125,0.011023142192821
7/13/2021,0.6584211907712546,0.6543501035160109,0.6695026892789355,0.670146982395406,0.670146982395406,0.0278322654141339
7/14/2021,0.6698733214170388,0.6738241877143862,0.6810447014193692,0.6860269741990801,0.6860269741990801,0.0608636035477655
7/15/2021,0.6981436388525185,0.6814628652259436,0.6748669812230657,0.6751054127811018,0.6751054127811018,0.0791183563797279
7/16/2021,0.6716183818153357,0.6515299698141843,0.6503538931518036,0.6474956749360803,0.6474956749360803,0.0397868432123794
7/19/2021,0.6372401544822185,0.6312119321509253,0.6397792159496205,0.6517988378484447,0.6517988378484447,0.0474685900177111
7/20/2021,0.6372838230923897,0.6350535673940005,0.6355141632569603,0.6491120441828184,0.6491120441828184,0.100179535078592
7/21/2021,0.6374147002227678,0.6225074354710436,0.6032185074533403,0.6110613613358904,0.6110613613358904,0.1863355972874102
7/22/2021,0.6026874468492985,0.5840698168856402,0.606274425549604,0.606998505539406,0.606998505539406,0.0551260987217864
7/23/2021,0.6069410561104275,0.5923524034494152,0.6011299946466391,0.6149493673026978,0.6149493673026978,0.0463380557233947
7/26/2021,0.6117837411583934,0.6006129000365314,0.6106933893252979,0.6173084617022899,0.6173084617022899,0.0192260081751652
7/27/2021,0.6198547927421972,0.6024337620680709,0.6173767156077075,0.6225944602952826,0.6225944602952826,0.0279603810922034
7/28/2021,0.6280130506648499,0.6080294431587638,0.6282151970393723,0.6234463748505692,0.6234463748505692,0.0215805665829297
7/29/2021,0.6239557570992881,0.5998357627555693,0.6212020462180377,0.6124156240301584,0.6124156240301584,0.0102492542455631
7/30/2021,0.6080972392254856,0.597637310455543,0.6149803806349388,0.6196675561018821,0.6196675561018821,0.0240805535982326
8/2/2021,0.6218616052198925,0.5977705386842875,0.6139911070797075,0.6143815575088893,0.6143815575088893,0.0164922966120328
8/3/2021,0.611805576554158,0.588399905301771,0.6026908945974196,0.6049234481876111,0.6049234481876111,0.0248509789595968
8/4/2021,0.6087734559104249,0.5936181293566472,0.6136832871121183,0.6191869396858101,0.6191869396858101,0.0155019970464142
8/5/2021,0.6177824762585663,0.6101167594272483,0.621707788609811,0.6356567394923005,0.6356567394923005,0.0244579754606537
8/6/2021,0.6327683963111156,0.6132922579676887,0.6335136071782046,0.6261767652050638,0.6261767652050638,0.0134244455101514
8/9/2021,0.6265515777417158,0.6040324897102853,0.6304356823121267,0.6249098269472695,0.6249098269472695,0.0038746336151301
8/10/2021,0.6240429634381371,0.5998578549527722,0.6193992784562776,0.615888739537507,0.615888739537507,0.0141360069113214
8/11/2021,0.6174988887834033,0.597148855061943,0.6123641868194836,0.6083746987290013,0.6083746987290013,0.0091741213255471
8/12/2021,0.6062866748212526,0.5825598621713359,0.606714147631934,0.6047050038533781,0.6047050038533781,0.0093784138932796
8/13/2021,0.60798819967223,0.601301262169039,0.6161895855826471,0.6160633884104543,0.6160633884104543,0.0178721370907007
8/16/2021,0.6136596765057106,0.6056091251552971,0.6179263352334425,0.6204320129776457,0.6204320129776457,0.0153877317119197
8/17/2021,0.6141613474501008,0.5998578549527722,0.6221034971525121,0.6225944602952826,0.6225944602952826,0.020183413174793
8/18/2021,0.6240429634381371,0.6122707586469844,0.631886752872336,0.6290600727095961,0.6290600727095961,0.0248959925762158
8/19/2021,0.6300198631425454,0.661144965236443,0.6389657898959253,0.6767655119597573,0.6767655119597573,0.1099942347944868
8/20/2021,0.6787733000305666,0.6678065987281305,0.6768455327304852,0.6836897447654466,0.6836897447654466,0.0455381983819336
8/23/2021,0.680714606320968,0.6770440038819026,0.6870465037628248,0.6977785852063862,0.6977785852063862,0.0252422511655929
8/24/2021,0.6927120765213134,0.6765110954080125,0.6992041558384365,0.6979532340793335,0.6979532340793335,0.016715633402181
8/25/2021,0.6898326684037231,0.6710264148956468,0.6908059503693786,0.6852187895757111,0.6852187895757111,0.0159555957984982
8/26/2021,0.6811072355307447,0.6704933709685426,0.6917952920774437,0.690766894721174,0.690766894721174,0.0078167876551887
8/27/2021,0.69297383078207,0.6961850863452954,0.6991601422988076,0.7099888166050685,0.7099888166050685,0.0364800736838278
8/30/2021,0.7052985570677494,0.7028244921865656,0.7149892139017158,0.7258469456270957,0.7258469456270957,0.0223475293584001
8/31/2021,0.7246471935567881,0.7079761709639485,0.7263333036179653,0.7324217452595296,0.7324217452595296,0.0222973218629404
9/1/2021,0.7309295161321235,0.7557623329552101,0.7425800927318673,0.7605556983938033,0.7605556983938033,0.0776000124653092
9/2/2021,0.7629518395064471,0.7729937804591531,0.7748537417656731,0.7747100004895697,0.7747100004895697,0.0871861815122151
9/3/2021,0.7675763080223345,0.757716423215494,0.7736666117406126,0.7790350283678928,0.7790350283678928,0.0266134351795264
9/7/2021,0.7869686131215444,0.8065017214238281,0.7975200485355463,0.8143771858262849,0.8143771858262849,0.08097949629763
9/8/2021,0.8069280953524379,0.8103876742939793,0.8013015019119145,0.8129354654524941,0.8129354654524941,0.0741079945914408
9/9/2021,0.812664945310361,0.7967091779252047,0.803148149106115,0.7943469460759722,0.7943469460759722,0.0313398649245242
9/10/2021,0.7945378628794649,0.7967314055756218,0.7968165200252559,0.796924419280429,0.796924419280429,0.048545454230674
9/13/2021,0.7954322939151245,0.7725718703430462,0.7728751902582536,0.7763263697363079,0.7763263697363079,0.033221780357789
9/14/2021,0.7655913309404038,0.7475019718213081,0.7570021073141948,0.7511413190044427,0.7511413190044427,0.0400448058614654
9/15/2021,0.7509325339103371,0.7415952479601655,0.756584389803201,0.7623031220089325,0.7623031220089325,0.0279015171320093
9/16/2021,0.7643042706949675,0.7479459719140733,0.7617507615216252,0.770232186519946,0.770232186519946,0.0119112954745733
9/17/2021,0.7720480661934374,0.7541636053129954,0.7686320102282191,0.7764574241046989,0.7764574241046989,0.0519578326289856
9/20/2021,0.7697358308448147,0.7569392859345319,0.7405575298832974,0.7460518342503559,0.7460518342503559,0.0448093240512947
9/21/2021,0.7512379567812645,0.7355109782432026,0.7433935187855625,0.741049807175792,0.741049807175792,0.0191636816290774
9/22/2021,0.754248239847875,0.7660879181603937,0.7660818323252503,0.779297134920363,0.779297134920363,0.0498231484254756
9/23/2021,0.7784612637177931,0.7742372787159681,0.7868354759884366,0.7849981594001756,0.7849981594001756,0.0239299311118536
9/24/2021,0.7821914342608721,0.7601589666488338,0.7747658509920825,0.7830978186350088,0.7830978186350088,0.0170047593243109
9/27/2021,0.7722662805441577,0.7614913755073176,0.7600140118708298,0.7836438967059076,0.7836438967059076,0.0235577031282732
9/28/2021,0.774556680497016,0.7747257341095681,0.7671150534657554,0.7644437065449226,0.7644437065449226,0.0569093304570786
9/29/2021,0.7745785158927806,0.7976862241656189,0.7843731910575367,0.797667144433283,0.797667144433283,0.0878977429133851
9/30/2021,0.8161115283782773,0.8179375788776264,0.8284306518899218,0.8223062503372986,0.8223062503372986,0.0946774860933894
10/1/2021,0.8078005579294819,0.8090331732382925,0.805258736835464,0.8284441613012656,0.8284441613012656,0.0510177405588267
10/4/2021,0.8277600401603754,0.8337700722455927,0.79903700529801,0.8070377960750383,0.8070377960750383,0.0666876730210888
10/5/2021,0.8136902512950409,0.8654350589815254,0.8258804761854313,0.8757563085718285,0.8757563085718285,0.1452606721225478
10/6/2021,0.8600222802183325,0.8642803314320764,0.868684786683313,0.8851269602135838,0.8851269602135838,0.0594941508267789
10/7/2021,0.8906703348270125,0.8797575976351875,0.8776766231192559,0.8692906961575151,0.8692906961575151,0.0417743675154041
10/8/2021,0.8730885941320358,0.8730070557623755,0.8785779399465417,0.8710599825542908,0.8710599825542908,0.0368263322732049
10/11/2021,0.8709727399197268,0.8632810597617893,0.8696082443876016,0.8587841584420446,0.8587841584420446,0.0297522692922301
10/12/2021,0.8705801128913085,0.859372879241221,0.8590774466178588,0.8541971550699885,0.8541971550699885,0.036068025962469
10/13/2021,0.8687477130913109,0.847204339807295,0.8593192484744829,0.8647255577514177,0.8647255577514177,0.0220964918811017
10/14/2021,0.8688567526445664,0.8576409255908062,0.8696301170502274,0.8735501313222742,0.8735501313222742,0.0264489623495722
10/15/2021,0.8814432331910024,0.8632810597617893,0.8660465860980433,0.8615145487965392,0.8615145487965392,0.0514263256942917
10/18/2021,0.8685731673507618,0.8610382876141429,0.8559996580574476,0.8826586764115594,0.8826586764115594,0.0610298076706665
10/19/2021,0.8791963709668219,0.8667895578166678,0.8817437555862104,0.884908581408719,0.884908581408719,0.1123453306163576
10/20/2021,0.8543289658077292,0.8587956509197108,0.8484368854118995,0.854634045922767,0.854634045922767,0.1640919455058232
10/21/2021,0.8615710925431669,0.895678863931064,0.8737193881957066,0.9158383843680022,0.9158383843680022,0.1262649259093183
10/22/2021,0.9115677858222438,0.9211041250708718,0.9246360931633496,0.941220215424872,0.941220215424872,0.0872917903819751
10/25/2021,0.9375913719150368,0.9442421609827432,0.9362001098751191,0.9562481616145222,0.9562481616145222,0.0465631238064899
10/26/2021,0.959448624889012,0.9455966598178857,0.9487314659220962,0.9493895237067091,0.9493895237067091,0.0304846062087627
10/27/2021,0.9490653379565857,0.934316256022705,0.9467087689663374,0.9371572940990188,0.9371572940990188,0.0196138177952676
10/28/2021,0.9533190126584612,0.9462850241709376,0.9602954826338655,0.9614687007370002,0.9614687007370002,0.0296985992108766
10/29/2021,0.957921647959942,0.9777501019474182,0.9673525128876406,0.9969856403113886,0.9969856403113886,0.0462861169349882
11/1/2021,0.992823379451856,0.975529557450189,0.9790044225714792,0.97702099327464,0.97702099327464,0.0340528009722941
11/2/2021,0.979844269695644,0.9704445594035132,0.9730246247993596,0.9694850896844872,0.9694850896844872,0.0475170662202239
11/3/2021,0.967105214048633,0.974241739345754,0.9806094042147222,0.9925732858122798,0.9925732858122798,0.0206179677044613
11/4/2021,0.9859085109831104,0.9665808319632352,0.9547332682655516,0.9491274149699268,0.9491274149699268,0.0644214105536155
11/5/2021,0.9380930428594266,0.9215038075365616,0.9096864657251014,0.8995870966094257,0.8995870966094257,0.071561262666572
11/8/2021,0.908252077703348,0.9000977252751052,0.9070042516002028,0.9121032955512328,0.9121032955512328,0.0301850925289515
11/9/2021,0.9156905833937417,0.9100901755126364,0.9218001042610844,0.9220200252638868,0.9220200252638868,0.0220151211125981
11/10/2021,0.9141854418604362,0.909712720697364,0.9033108231046136,0.9021864325955292,0.9021864325955292,0.0218454544038033
11/11/2021,0.9081430359687342,0.9219034877817068,0.92001934107066,0.9254931407712356,0.9254931407712356,0.0298526842831495
11/12/2021,0.9294549493881484,0.9608074717840516,0.9290550547405648,0.9801664073316424,0.9801664073316424,0.0527819280717032
11/15/2021,0.9757651407343176,0.9650708794694752,0.9679021325133756,0.9730019329394416,0.9730019329394416,0.029920204708078
11/16/2021,0.9692865722668776,0.9719545118972732,0.9797959759625484,0.9906293483582448,0.9906293483582448,0.0161598883662307
11/17/2021,0.9948738605397226,1.0,1.0,1.0,1.0,0.0275067823401194
11/18/2021,0.9983858145507232,0.9794599634006302,0.9860395801626284,0.9788777395352508,0.9788777395352508,0.0150432044154895
11/19/2021,1.0,0.9848336433346684,0.9756188140434788,0.9718441840840796,0.9718441840840796,0.0254448124403786
11/22/2021,0.9643785162758272,0.9522360656591558,0.9348809436281292,0.9290317157490992,0.9290317157490992,0.0280538709113352
11/23/2021,0.925463026765671,0.9232579888373936,0.9119728350016316,0.9178043200310452,0.9178043200310452,0.0203634676412691
11/24/2021,0.9250922329516592,0.9121774917811208,0.9230751250597352,0.9270439173044094,0.9270439173044094,0.012522441884824
11/26/2021,0.9621534872660532,0.9454189785088508,0.944114579722218,0.943098693408392,0.943098693408392,0.0299253985869187
11/29/2021,0.9364134864670652,0.9267220315914376,0.938882189892829,0.9391669575096672,0.9391669575096672,0.0239853324861539
11/30/2021,0.9473202775582884,0.9431318887341288,0.8986940732104027,0.8912431394546414,0.8912431394546414,0.077300498785498
12/1/2021,0.9064851819092862,0.8968113638300961,0.8482609697575298,0.8385356753142286,0.8385356753142286,0.0474166512293045
12/2/2021,0.8358527940770925,0.8320602085718365,0.8390493404332553,0.8356959623142521,0.8356959623142521,0.0378651080413363
12/3/2021,0.8481775203627718,0.8323711181096158,0.7975420553053607,0.8043729984341079,0.8043729984341079,0.063732355960755
12/6/2021,0.811661605602939,0.8141403989353857,0.8129314048259388,0.8274393295959415,0.8274393295959415,0.0334433858549903
12/7/2021,0.8418079914485873,0.83989879726339,0.8357956340199961,0.8555951476961738,0.8555951476961738,0.0343003758636987
12/8/2021,0.8639923674450453,0.8478261566623098,0.8617376539729429,0.8610559284051631,0.8610559284051631,0.0186339059873303
12/9/2021,0.858713517639983,0.8428964768210372,0.8336850462906469,0.82374783746804,0.82374783746804,0.021334722984472
12/10/2021,0.8351548750592398,0.8151396706056728,0.8236599909126772,0.8251894245987816,0.8251894245987816,0.0277682075750991
12/13/2021,0.8247279195166423,0.8038149491834163,0.8096777006111582,0.8096808619930593,0.8096808619930593,0.0237862337972621
12/14/2021,0.7957377167860519,0.7808322314769482,0.784636997485497,0.7953299128153377,0.7953299128153377,0.0318644466874306
12/15/2021,0.7945815336709939,0.7883821360605954,0.7766785162972476,0.8107292882029398,0.8107292882029398,0.0298163271312649
12/16/2021,0.7922039273792868,0.7820314121066874,0.7843511842877222,0.7801926461645177,0.7801926461645177,0.0346120085941381
12/17/2021,0.7802499927262613,0.7607585580739755,0.7705886868745346,0.7707345346589274,0.7707345346589274,0.0561440989745551
12/20/2021,0.7689505746066198,0.7821424126850149,0.7761288966715125,0.786046585610056,0.786046585610056,0.0383377510158361
12/21/2021,0.7931854316909442,0.793111906942416,0.7972342353377717,0.8104671816504696,0.8104671816504696,0.020349617297694
12/22/2021,0.8058809517906355,0.8086557184230201,0.816514935778123,0.8308249874237674,0.8308249874237674,0.0206318180480364
12/23/2021,0.8343259480295159,0.813230035646223,0.8273754239796025,0.8304974214007823,0.8304974214007823,0.0082599986495915
12/27/2021,0.8312719941713761,0.8090554008887096,0.8310688524751915,0.8283785685877016,0.8283785685877016,0.0158846127876759
12/28/2021,0.8311629524367624,0.8166273976695597,0.8320361874134421,0.8231144349606676,0.8231144349606676,0.0127907922915912
12/29/2021,0.8219140154049874,0.8067904010906459,0.8210217903274073,0.8227430057627159,0.8227430057627159,0.0024792114999402
12/30/2021,0.8268874423391223,0.821512622209998,0.8354438027112567,0.8261287968335911,0.8261287968335911,0.0083292503674669
12/31/2021,0.8203870384759174,0.8070125377005153,0.8152397808722833,0.8050501286890859,0.8050501286890859,0.0147488846145189
1/3/2022,0.8107890077816858,0.7979304507521467,0.7899792848582909,0.7939756501210697,0.7939756501210697,0.0333014198333457
1/4/2022,0.798355239761393,0.7766575967194351,0.7702808691054239,0.7803892910621608,0.7803892910621608,0.0562514391372621
1/5/2022,0.7811007551517498,0.759848194784813,0.7379193292980275,0.7287739830635458,0.7287739830635458,0.0520201591750735
1/6/2022,0.6989508635493292,0.6943864497436287,0.6832431799223089,0.6976911275268634,0.6976911275268634,0.0790819992278433
1/7/2022,0.6883058245375046,0.6723364606504991,0.6749108606555059,0.6709770319847339,0.6709770319847339,0.0387411422724605
1/10/2022,0.6643762550798981,0.6507083772323878,0.6487490456157492,0.6683339660667129,0.6683339660667129,0.0578615415778657
1/11/2022,0.6611042177525311,0.6511968326259878,0.6569933400017731,0.6704965466273991,0.6704965466273991,0.0334797430068749
1/12/2022,0.6769845710220986,0.6519963330105816,0.6612804016627263,0.6625892138392948,0.6625892138392948,0.0457649977579756
1/13/2022,0.6612569302786738,0.6442687448973552,0.6310293154774902,0.6232279960457043,0.6232279960457043,0.0576710993537083
1/14/2022,0.6188076513617528,0.6388950649633172,0.6170030116363423,0.6374041609231176,0.6374041609231176,0.1160901172604713
1/18/2022,0.6242175091786865,0.601989626522091,0.6099678540451932,0.6048797204400058,0.6048797204400058,0.0639730056803721
1/19/2022,0.6131361723469141,0.6052316703400245,0.6139911070797075,0.6159323340420633,0.6159323340420633,0.0555658471302953
1/20/2022,0.6191349074470868,0.6128481224217088,0.6061205166650487,0.5993097503285842,0.5993097503285842,0.1993583828338841
1/21/2022,0.3632179460131206,0.3519563028108211,0.3270456489064435,0.3573971649203631,0.3573971649203631,1.0
1/24/2022,0.3271819322426599,0.3033486192951868,0.2643230594160515,0.3347895196792742,0.3347895196792742,0.5401980252872647
1/25/2022,0.3167768775365733,0.3043478221285945,0.2943762913299366,0.2895087675422692,0.2895087675422692,0.2424121758370368
1/26/2022,0.3148790391713869,0.2931341012846657,0.2756672172851345,0.2748301868121939,0.2748301868121939,0.1997912060706056
1/27/2022,0.323146406450758,0.3200914759523157,0.3228905597115434,0.3338066184692773,0.3338066184692773,0.401325824138725
1/28/2022,0.3333988162528063,0.3027712555204622,0.3096556773527548,0.3286952687492317,0.3286952687492317,0.1873709104696478
1/31/2022,0.3665772551200831,0.3931474432042229,0.3670799908115031,0.4221402137708232,0.4221402137708232,0.3272749622145314
2/1/2022,0.4341775244899015,0.4614958006083918,0.4271863864864399,0.4876477173127347,0.4876477173127347,0.370467258653435
2/2/2022,0.4675305112790857,0.4470622613764023,0.4292529606761602,0.427251495777188,0.427251495777188,0.2285652948478453
2/3/2022,0.409048301810664,0.3966114881788114,0.3804467115291561,0.3750901075233618,0.3750901075233618,0.1516820376625467
2/4/2022,0.3782257014614346,0.3599946627880682,0.3636503709423526,0.38507242994958,0.38507242994958,0.1149301509860579
